"","Int-01","Int-02","Int-03","Int-04","Liv-01","Liv-02","Liv-03","Liv-04"
"Smp_000030",8,0,8,12,4,0,2,13
"Smp_000040",2,0,4,0,2,1,0,8
"Smp_000050",2,2,1,2,1,3,0,5
"Smp_000100",6,0,2,2,0,4,0,2
"Smp_000190",1,2,0,5,0,8,0,1
"Smp_000240",6,0,4,4,8,6,0,8
"Smp_000260",4,0,0,2,0,2,0,6
"Smp_000310",4,0,0,2,4,20,0,2
"Smp_000320",8,0,2,2,0,4,2,2
"Smp_000340",1,0,4,2,0,4,0,2
"Smp_000370",2,0,0,0,2,5,0,2
"Smp_000480",10,0,5,13,4,0,0,7
"Smp_000590",2,0,2,0,2,10,0,2
"Smp_000600",4,0,0,4,2,4,0,6
"Smp_000640",4,1,1,2,4,8,0,2
"Smp_000660",2,0,2,5,2,4,0,0
"Smp_000710",2,0,2,2,6,4,0,2
"Smp_000740",6,2,2,8,0,16,0,8
"Smp_000820",2,2,0,3,0,4,0,2
"Smp_000880",2,2,0,4,2,6,0,0
"Smp_000980",6,2,0,0,2,8,0,0
"Smp_000990",2,0,0,8,4,2,0,6
"Smp_001090",28,12,18,25,14,13,1,22
"Smp_001170",4,2,4,6,6,0,0,12
"Smp_001360",10,0,0,2,3,4,0,4
"Smp_001500",2,0,4,8,12,11,0,8
"Smp_001610",19,2,3,17,2,7,4,5
"Smp_001830",4,0,0,8,0,9,0,2
"Smp_002010",0,7,4,6,3,7,0,3
"Smp_002080",11,0,4,10,6,12,0,28
"Smp_002180",10,0,4,6,4,21,0,10
"Smp_002230",0,4,4,6,6,2,0,11
"Smp_002380",0,0,4,2,0,1,0,3
"Smp_002410",10,2,2,2,8,2,0,8
"Smp_002550",4,0,2,4,2,18,0,4
"Smp_002630",9,4,12,6,2,9,0,6
"Smp_002820",6,0,3,2,0,2,0,1
"Smp_002880",12,2,2,2,2,2,0,2
"Smp_003250",3,2,4,10,4,3,3,3
"Smp_003270",0,2,2,4,2,2,0,4
"Smp_003280",4,0,0,2,2,2,0,0
"Smp_003410",10,0,2,8,2,6,0,4
"Smp_003600",2,0,0,2,0,4,0,2
"Smp_003660",0,0,10,10,6,6,0,14
"Smp_003700",10,0,3,2,0,4,0,4
"Smp_003710",0,0,2,0,2,6,0,2
"Smp_003770",4,0,4,2,7,6,0,4
"Smp_003930",3,2,1,8,0,6,0,4
"Smp_003970",0,4,0,4,0,10,2,8
"Smp_003980",1,0,4,4,0,4,0,8
"Smp_003990",8,5,8,10,17,20,0,6
"Smp_004080",6,1,0,1,0,2,0,10
"Smp_004220",8,0,7,11,10,8,0,2
"Smp_004310",0,0,6,4,4,10,0,2
"Smp_004550",7,2,3,4,0,4,0,2
"Smp_004600",4,2,10,5,6,12,0,8
"Smp_004630",6,2,0,0,2,0,2,0
"Smp_004680",0,0,4,6,2,6,0,8
"Smp_004780",6,2,2,6,10,4,2,14
"Smp_004820",2,0,2,4,8,8,0,2
"Smp_004910",4,2,6,2,6,2,2,4
"Smp_004940",2,2,0,0,2,5,0,6
"Smp_004990",22,4,8,22,12,12,2,14
"Smp_005020",3,2,0,8,0,0,0,2
"Smp_005180",8,0,2,8,4,20,0,10
"Smp_005190",0,3,3,4,8,0,0,4
"Smp_005230",0,0,0,2,2,2,0,6
"Smp_005260",2,1,0,10,0,4,0,1
"Smp_005290",4,0,2,6,2,2,0,2
"Smp_005330",6,0,0,2,2,2,0,2
"Smp_005670",2,0,7,4,1,10,0,7
"Smp_005880",7,0,6,16,2,14,0,10
"Smp_005900",1,0,2,9,0,2,0,0
"Smp_006000",2,0,5,0,2,2,0,0
"Smp_006190",0,1,1,1,0,5,0,2
"Smp_006340",22,2,9,29,8,4,0,20
"Smp_006350",17,9,9,19,4,17,3,23
"Smp_006390",4,0,0,4,0,2,0,4
"Smp_006550",2,0,4,8,4,10,0,2
"Smp_006630",4,3,5,10,5,5,0,8
"Smp_006690",8,5,4,8,3,3,2,12
"Smp_006700",61,10,19,52,15,22,5,37
"Smp_006710",16,7,11,20,7,28,1,29
"Smp_006780",0,0,0,4,4,4,0,6
"Smp_006840",2,0,0,0,2,4,0,2
"Smp_007170",1,0,2,2,0,6,0,2
"Smp_007180",4,0,0,2,2,0,0,2
"Smp_007260",8,0,6,0,4,2,0,12
"Smp_007300",2,4,0,0,0,2,0,2
"Smp_007380",2,0,0,3,0,2,1,4
"Smp_007450",0,0,0,8,8,12,0,2
"Smp_007650",0,1,0,4,0,4,0,4
"Smp_007710",2,0,4,5,2,0,0,7
"Smp_007760",2,0,2,0,2,2,2,2
"Smp_007890",0,0,2,0,2,6,0,2
"Smp_007900",10,8,11,24,30,50,2,15
"Smp_008140",1,0,2,4,2,11,0,2
"Smp_008230",0,0,2,6,2,6,0,12
"Smp_008320",0,0,4,8,10,8,0,4
"Smp_008360",6,0,3,9,14,16,2,10
"Smp_008400",13,9,0,7,4,10,2,10
"Smp_008430",24,9,16,36,7,33,0,23
"Smp_008440",70,8,30,69,24,102,9,51
"Smp_008470",6,0,0,0,2,2,0,4
"Smp_008500",0,0,0,12,4,6,0,4
"Smp_008545",36,8,14,36,32,44,2,52
"Smp_008900",10,4,6,7,8,6,0,20
"Smp_009230",11,5,15,29,16,57,0,25
"Smp_009250",0,0,4,14,4,4,2,8
"Smp_009310",69,19,60,62,46,54,4,79
"Smp_009390",2,0,0,0,4,4,0,4
"Smp_009400",0,0,1,1,0,2,2,6
"Smp_009520",0,2,0,2,2,2,0,2
"Smp_009540",8,0,2,2,2,0,0,2
"Smp_009650",8,2,6,24,8,9,0,12
"Smp_009690",30,6,10,18,22,46,0,52
"Smp_009760",17,2,2,27,16,36,0,18
"Smp_009810",3,2,3,2,4,4,0,0
"Smp_010230",0,0,2,0,2,4,0,2
"Smp_010290",6,0,2,2,2,4,0,2
"Smp_010620",4,0,2,6,0,4,0,3
"Smp_010710",4,0,2,4,0,2,2,6
"Smp_010820",3,0,0,6,2,2,0,2
"Smp_010940",18,2,6,8,8,4,0,12
"Smp_011030",6,0,2,4,6,4,0,4
"Smp_011120",4,0,4,2,4,12,0,8
"Smp_011270",6,6,2,0,2,20,0,2
"Smp_011570",12,2,8,16,14,22,0,22
"Smp_011660",2,0,0,2,2,4,0,2
"Smp_011860",8,3,0,0,6,0,0,4
"Smp_012070",4,0,4,0,2,4,2,0
"Smp_012110",4,0,0,4,0,4,0,2
"Smp_012150",6,0,2,1,2,0,1,5
"Smp_012280",4,2,2,2,0,2,0,4
"Smp_012340",6,2,4,2,0,2,0,6
"Smp_012470",2,0,2,4,8,12,0,8
"Smp_012570",4,0,0,2,2,2,0,4
"Smp_012690",1,3,1,4,2,0,1,5
"Smp_012720",6,0,4,0,0,2,0,1
"Smp_012740",6,4,3,4,7,8,0,1
"Smp_012750",17,0,4,10,4,14,0,4
"Smp_012860",0,0,0,4,2,10,0,7
"Smp_012900",4,0,0,2,0,4,0,4
"Smp_012930",4,0,0,2,8,0,0,6
"Smp_013040",2,2,4,0,4,7,0,2
"Smp_013200",20,4,2,18,8,42,2,16
"Smp_013210",0,0,4,0,1,7,0,1
"Smp_013300",2,0,2,2,2,2,0,4
"Smp_013360",4,0,0,4,1,4,0,4
"Smp_013370",31,13,15,9,5,27,3,12
"Smp_013470",16,8,14,26,6,40,0,18
"Smp_013790",8,2,2,8,4,6,4,2
"Smp_013840",4,4,11,6,6,14,0,8
"Smp_013870",2,0,2,2,10,3,0,0
"Smp_013930",31,23,35,45,19,23,2,30
"Smp_014010",4,0,0,4,0,4,0,2
"Smp_014050",2,0,1,0,2,2,2,1
"Smp_014170",6,0,1,2,6,4,0,6
"Smp_014290",0,0,4,2,6,5,0,6
"Smp_014400",0,0,0,3,4,4,0,9
"Smp_014650",12,2,2,2,2,17,2,2
"Smp_014660",4,0,2,4,0,0,0,4
"Smp_014800",5,0,2,3,0,2,0,0
"Smp_015050",0,0,4,3,0,2,2,2
"Smp_015090",6,0,0,12,4,6,1,6
"Smp_015220",4,2,0,2,1,2,0,0
"Smp_015530",5,2,0,13,8,8,0,18
"Smp_015690",10,4,6,14,2,9,2,40
"Smp_015720",2,0,2,4,2,4,0,2
"Smp_015840",10,0,0,2,2,2,0,0
"Smp_015860",1,0,4,3,2,4,0,0
"Smp_016050",4,1,4,10,4,2,0,4
"Smp_016090",3,0,2,4,0,2,0,0
"Smp_016410",4,0,2,6,0,2,0,2
"Smp_016550",2,0,2,2,2,4,0,0
"Smp_016630",7,2,0,0,1,4,0,6
"Smp_016730",45,20,12,43,13,40,3,16
"Smp_016900",2,0,0,6,4,2,0,2
"Smp_017010",18,2,8,8,8,8,0,7
"Smp_017070",0,2,0,3,0,4,0,4
"Smp_017280",16,0,12,8,14,20,0,12
"Smp_017360",14,0,12,18,12,6,2,20
"Smp_017430",14,4,0,8,10,12,0,16
"Smp_017660",6,2,0,10,8,12,0,4
"Smp_017710",2,0,2,8,2,2,2,6
"Smp_017730",4,2,2,2,0,0,0,8
"Smp_017750",4,2,2,2,4,10,0,0
"Smp_017830",4,2,0,4,2,10,0,4
"Smp_018220",5,3,3,0,1,2,0,2
"Smp_018240",10,2,2,8,2,10,0,4
"Smp_018250",4,0,4,12,0,4,2,6
"Smp_018310",4,2,6,4,6,4,0,10
"Smp_018360",0,2,0,2,2,4,2,4
"Smp_018530",22,4,12,6,16,12,4,12
"Smp_018760",0,0,2,3,2,2,0,2
"Smp_018990",6,0,2,4,2,4,0,4
"Smp_019170",4,2,0,2,4,4,0,0
"Smp_019190",0,2,0,4,4,4,0,10
"Smp_019260",15,3,1,9,4,2,2,9
"Smp_019430",0,0,2,4,0,6,0,2
"Smp_019440",4,0,4,2,4,8,0,6
"Smp_019630",6,2,2,6,8,4,4,4
"Smp_019680",12,0,0,2,4,4,0,8
"Smp_019690",6,0,4,10,8,16,0,6
"Smp_019730",8,4,8,12,6,20,0,4
"Smp_019750",0,2,2,4,0,6,0,2
"Smp_019790",0,0,0,4,6,6,0,8
"Smp_019820",10,0,0,6,4,5,0,5
"Smp_019840",0,0,0,3,6,2,0,4
"Smp_019880",2,0,2,4,0,2,0,2
"Smp_019950",4,0,2,2,2,6,0,2
"Smp_020050",2,0,0,4,0,2,0,2
"Smp_020060",7,0,3,1,0,4,0,6
"Smp_020130",2,0,2,6,2,4,0,2
"Smp_020370",2,0,2,2,2,5,0,6
"Smp_020550",2,2,4,4,0,9,2,6
"Smp_020590",80,16,29,72,39,49,12,111
"Smp_020760",2,0,0,4,2,2,0,0
"Smp_020770",2,0,2,2,2,6,2,2
"Smp_020920",0,0,4,4,2,9,0,6
"Smp_021040",4,2,3,2,0,4,0,2
"Smp_021140",6,0,0,6,2,6,0,0
"Smp_021170",6,0,1,6,0,2,0,7
"Smp_021220",0,0,5,8,4,10,0,6
"Smp_021340",2,2,2,4,2,10,2,2
"Smp_021370",4,0,2,6,4,10,0,12
"Smp_021460",4,2,4,0,4,2,0,4
"Smp_021730",8,2,2,10,4,18,0,4
"Smp_021910",2,0,2,2,0,6,0,2
"Smp_021960",9,1,6,10,5,5,1,7
"Smp_022020",0,2,3,4,2,0,0,2
"Smp_022090",4,0,0,0,2,8,0,2
"Smp_022110",0,0,2,2,6,4,0,2
"Smp_022330",2,1,0,4,0,8,0,2
"Smp_022400",4,0,0,12,3,2,0,6
"Smp_022430",2,0,2,2,0,4,0,3
"Smp_022470",5,2,2,0,0,2,0,3
"Smp_022640",6,0,2,4,2,4,0,2
"Smp_022660",18,4,4,16,12,20,2,18
"Smp_023010",6,0,0,1,2,4,0,3
"Smp_023170",2,2,10,4,2,36,0,8
"Smp_023250",4,0,2,0,2,0,0,2
"Smp_023360",4,0,2,0,0,10,0,12
"Smp_023470",6,0,6,5,4,6,0,2
"Smp_023840",3,0,0,7,2,6,0,2
"Smp_024030",30,14,32,36,24,47,4,38
"Smp_024110",8,0,0,8,0,13,0,8
"Smp_024120",6,0,2,4,8,4,0,2
"Smp_024140",26,4,8,30,14,30,0,10
"Smp_024360",2,0,2,0,2,4,0,2
"Smp_024380",2,0,2,4,0,2,0,2
"Smp_024500",2,0,1,0,0,5,0,4
"Smp_024850",12,2,10,10,8,10,0,18
"Smp_024880",4,0,4,2,2,12,0,8
"Smp_024900",48,16,29,35,3,32,12,37
"Smp_025010",2,0,2,4,0,2,0,4
"Smp_025030",0,0,0,5,2,4,0,2
"Smp_025100",2,2,2,0,2,4,0,4
"Smp_025130",2,0,0,0,4,4,0,2
"Smp_025260",3,0,2,0,0,2,1,2
"Smp_025380",8,2,16,4,2,10,0,6
"Smp_025510",0,0,4,2,0,4,0,6
"Smp_025550",2,2,2,2,0,0,0,2
"Smp_025560",2,0,2,0,0,4,1,2
"Smp_025570",9,0,8,5,5,12,2,8
"Smp_025700",2,0,0,2,0,2,0,4
"Smp_025860",4,4,0,4,6,10,0,6
"Smp_026160",4,0,4,4,4,4,2,0
"Smp_026230",0,0,4,4,0,4,0,2
"Smp_026260",4,0,0,4,2,6,0,6
"Smp_026340",10,2,0,2,0,0,0,6
"Smp_026560",8,2,6,24,4,32,0,18
"Smp_026920",2,1,1,3,1,1,0,1
"Smp_027010",0,2,0,4,2,2,0,4
"Smp_027250",4,1,0,2,2,6,0,0
"Smp_027480",2,0,4,0,0,2,0,2
"Smp_027550",13,4,3,3,4,9,2,6
"Smp_027610",12,0,6,8,4,8,2,14
"Smp_027910",3,0,3,0,0,1,0,6
"Smp_027920",10,0,6,20,16,14,2,16
"Smp_028030",3,2,2,0,0,2,0,2
"Smp_028060",2,2,0,4,2,6,0,0
"Smp_028100",4,0,0,0,4,8,0,4
"Smp_028170",2,2,2,0,2,2,0,4
"Smp_028190",0,4,2,6,0,8,0,6
"Smp_028330",10,0,0,4,2,8,0,6
"Smp_028340",4,0,0,2,2,0,0,2
"Smp_028410",3,1,3,4,0,1,0,1
"Smp_028440",4,0,6,4,10,6,0,8
"Smp_028500",9,0,4,14,5,24,0,10
"Smp_028650",2,0,0,6,2,2,0,0
"Smp_028980",2,2,0,2,2,2,0,0
"Smp_029060",4,0,0,2,2,6,0,0
"Smp_029240",8,0,2,1,4,12,0,12
"Smp_029400",0,0,2,8,0,4,0,4
"Smp_029670",38,16,8,46,10,27,1,20
"Smp_029820",2,0,6,0,6,12,0,0
"Smp_029890",2,0,2,4,2,4,0,3
"Smp_030290",0,0,0,6,2,10,0,4
"Smp_030320",2,0,2,0,0,2,0,4
"Smp_030370",2,0,2,8,12,8,2,14
"Smp_030400",6,0,0,2,0,6,0,3
"Smp_030500",14,0,16,16,4,30,0,16
"Smp_030690",0,0,2,4,12,8,0,0
"Smp_030710",4,0,0,2,2,2,0,2
"Smp_030730",32,2,32,50,17,60,4,48
"Smp_030780",2,0,0,2,4,2,0,2
"Smp_030830",6,4,0,12,8,10,0,18
"Smp_030860",4,0,2,2,4,0,0,8
"Smp_030920",2,4,10,10,6,10,0,6
"Smp_031040",6,0,2,0,2,0,0,2
"Smp_031050",6,1,0,4,0,2,0,2
"Smp_031300",2,2,0,7,1,8,0,4
"Smp_031310",4,0,4,6,6,2,0,2
"Smp_031360",6,0,0,8,0,5,0,4
"Smp_031570",12,0,8,8,6,22,2,8
"Smp_031720",0,0,2,5,0,2,2,2
"Smp_031770",4,4,1,1,0,0,0,4
"Smp_031880",2,2,4,0,4,2,0,2
"Smp_031920",0,0,0,4,4,4,0,2
"Smp_032180",0,0,0,2,2,13,0,4
"Smp_032260",16,2,2,10,6,14,0,14
"Smp_032280",2,2,0,0,2,4,0,0
"Smp_032320",6,2,4,2,2,4,2,2
"Smp_032490",7,1,2,1,0,1,0,4
"Smp_032510",2,0,0,2,2,8,2,2
"Smp_032520",4,2,2,6,4,4,0,2
"Smp_032580",4,2,2,0,4,12,0,8
"Smp_032670",22,2,10,45,14,48,2,50
"Smp_032760",8,2,8,14,2,22,0,8
"Smp_032790",19,2,5,9,12,12,0,22
"Smp_032800",2,0,2,2,2,0,0,6
"Smp_032810",6,0,2,4,4,11,0,4
"Smp_032930",8,1,0,4,1,0,0,4
"Smp_033020",6,2,3,8,2,4,0,6
"Smp_033050",0,0,2,4,0,2,2,4
"Smp_033260",4,0,0,2,0,2,0,2
"Smp_033400",14,0,4,8,10,9,2,4
"Smp_033530",1,0,2,0,0,6,0,4
"Smp_033590",2,0,2,2,4,0,0,0
"Smp_033700",7,1,1,0,0,0,0,1
"Smp_033710",10,0,0,2,4,2,2,2
"Smp_033760",4,0,2,2,3,7,0,2
"Smp_033950",0,2,0,2,2,4,0,0
"Smp_034000",3,0,1,1,2,6,0,1
"Smp_034120",0,0,2,4,2,6,0,4
"Smp_034190",10,4,0,12,2,6,0,14
"Smp_034490",2,0,10,10,0,8,0,10
"Smp_034700",2,2,2,8,4,10,4,10
"Smp_034840",2,0,0,2,0,9,0,4
"Smp_034850",0,0,0,4,0,4,2,2
"Smp_034860",2,4,1,3,1,4,0,7
"Smp_034940",2,2,4,2,2,0,0,8
"Smp_034980",2,2,0,0,4,5,0,2
"Smp_035030",7,5,3,11,0,6,0,3
"Smp_035200",23,4,10,41,28,79,2,34
"Smp_035260",3,0,2,5,0,4,0,0
"Smp_035370",4,0,2,0,0,2,0,4
"Smp_035410",4,2,2,2,2,0,0,4
"Smp_035470",2,2,4,8,2,2,0,12
"Smp_035480",1,0,0,2,4,0,0,10
"Smp_035540",6,0,10,10,13,7,0,12
"Smp_035580",2,0,0,4,0,2,0,4
"Smp_036020",6,1,2,5,1,4,0,11
"Smp_036130",0,0,0,4,2,8,0,6
"Smp_036220",8,0,4,10,8,26,0,10
"Smp_036270",24,8,4,12,16,24,0,16
"Smp_036370",19,5,17,23,4,26,0,22
"Smp_036390",2,2,4,9,6,10,2,9
"Smp_037120",0,2,2,0,0,4,0,4
"Smp_037190",8,4,4,16,3,9,1,7
"Smp_037230",2,0,0,2,2,4,0,0
"Smp_037290",2,2,0,4,0,2,0,1
"Smp_037590",3,0,0,5,0,2,0,3
"Smp_037690",7,6,0,6,0,0,0,4
"Smp_037700",12,0,6,0,4,14,2,10
"Smp_037910",2,2,2,2,0,4,0,0
"Smp_038080",2,0,2,6,0,7,0,10
"Smp_038100",4,0,6,12,4,1,0,4
"Smp_038210",2,0,0,4,0,4,0,2
"Smp_038240",4,0,2,2,2,2,0,0
"Smp_038510",19,6,4,12,10,16,0,26
"Smp_038560",7,0,2,2,2,14,0,10
"Smp_038710",8,4,9,6,5,10,1,6
"Smp_038870",0,0,0,4,0,4,2,2
"Smp_038930",8,2,2,0,0,4,0,2
"Smp_038980",2,0,0,0,6,6,0,4
"Smp_039180",7,0,2,0,1,2,0,2
"Smp_039390",9,0,1,7,12,16,0,10
"Smp_039400",18,2,4,6,2,16,2,14
"Smp_039490",0,2,0,6,4,4,0,2
"Smp_039640",1,0,2,0,5,2,0,2
"Smp_039670",14,5,8,14,6,6,2,21
"Smp_039810",0,2,6,4,2,2,0,2
"Smp_039820",0,0,0,4,4,2,2,2
"Smp_039980",2,0,2,2,0,4,0,4
"Smp_040100",2,0,0,10,4,7,0,2
"Smp_040130",38,14,30,68,32,94,6,42
"Smp_040190",2,0,2,6,2,4,0,2
"Smp_040270",8,0,2,18,2,6,2,14
"Smp_040460",2,0,2,6,0,4,0,4
"Smp_040550",3,0,3,0,0,2,0,6
"Smp_040570",0,0,2,3,1,2,0,3
"Smp_040770",0,0,0,2,2,0,2,4
"Smp_040790",12,0,4,4,4,13,0,2
"Smp_040800",6,2,12,0,2,1,0,8
"Smp_040970",5,0,0,2,4,6,0,8
"Smp_041050",2,0,0,4,2,5,0,0
"Smp_041480",6,2,0,2,5,2,0,2
"Smp_041600",2,0,0,2,0,2,0,8
"Smp_041730",2,0,0,0,2,4,0,2
"Smp_041740",14,4,9,25,14,4,0,20
"Smp_041760",11,0,0,4,0,2,0,2
"Smp_041770",2,0,0,4,8,8,0,10
"Smp_042090",2,2,2,4,2,9,0,4
"Smp_042160",18,5,18,55,2,20,0,4
"Smp_042270",6,0,2,2,2,2,0,2
"Smp_042280",4,4,0,2,0,4,0,4
"Smp_042590",2,0,2,4,2,2,0,0
"Smp_042920",11,9,4,14,10,42,2,11
"Smp_042990",14,2,2,14,9,12,0,16
"Smp_043100",4,0,0,4,4,8,0,5
"Smp_043110",0,0,0,2,2,4,2,2
"Smp_043150",2,2,4,2,2,4,0,3
"Smp_043170",3,0,2,2,2,0,0,4
"Smp_043200",2,2,0,2,2,0,0,4
"Smp_043670",0,1,2,3,2,2,0,4
"Smp_043780",4,0,2,5,0,2,0,4
"Smp_043940",8,1,3,3,1,13,0,6
"Smp_043970",8,2,2,1,0,5,0,3
"Smp_044000",6,0,4,5,3,13,2,2
"Smp_044250",6,2,0,6,4,0,2,10
"Smp_044280",8,2,0,4,4,14,0,2
"Smp_044400",5,2,0,4,4,0,0,0
"Smp_044550",3,2,4,8,0,11,0,8
"Smp_044580",8,0,2,8,12,34,0,8
"Smp_044680",8,0,2,6,5,6,0,16
"Smp_044970",4,2,8,6,6,4,0,6
"Smp_045060",2,0,2,0,4,2,0,2
"Smp_045070",0,0,2,0,3,0,2,6
"Smp_045220",4,0,12,20,4,38,0,12
"Smp_045230",6,2,2,0,6,6,2,4
"Smp_045480",0,0,2,2,2,4,0,1
"Smp_045510",0,0,4,0,4,6,0,2
"Smp_045610",2,6,2,12,2,2,0,0
"Smp_045730",4,0,0,2,0,0,2,2
"Smp_045950",26,18,9,32,9,26,3,18
"Smp_046030",0,4,0,8,2,2,0,2
"Smp_046060",6,4,2,10,8,6,2,6
"Smp_046090",14,2,2,20,6,6,0,14
"Smp_046100",2,0,0,6,0,4,0,6
"Smp_046130",0,0,0,2,2,0,2,4
"Smp_046140",2,0,0,0,2,2,0,4
"Smp_046250",4,0,2,0,2,2,0,2
"Smp_046430",0,3,0,0,2,1,0,4
"Smp_046690",13,0,17,22,24,65,3,30
"Smp_046930",0,4,2,6,2,6,0,2
"Smp_047200",17,0,4,8,6,10,0,8
"Smp_047360",0,0,0,2,2,4,0,4
"Smp_047640",2,0,2,0,0,12,0,3
"Smp_047860",2,0,0,4,6,1,0,2
"Smp_047900",6,2,6,15,6,10,2,2
"Smp_048050",19,5,10,19,2,19,1,11
"Smp_048160",0,0,0,4,6,7,0,2
"Smp_048240",0,0,4,4,0,5,0,2
"Smp_048260",3,0,0,0,2,4,0,3
"Smp_048430",10,4,14,22,4,16,0,20
"Smp_048660",2,0,0,4,8,2,0,3
"Smp_048880",1,0,0,1,4,0,0,6
"Smp_048990",4,0,2,1,2,1,0,2
"Smp_049230",11,1,8,12,2,12,0,11
"Smp_049510",2,0,2,2,0,4,0,0
"Smp_049550",20,4,18,40,16,14,2,58
"Smp_049580",6,2,0,2,0,2,0,2
"Smp_049610",29,8,22,30,12,37,4,42
"Smp_049630",6,0,0,5,0,2,4,4
"Smp_049680",2,0,0,6,8,6,0,12
"Smp_049890",2,0,0,4,4,0,0,4
"Smp_050110",6,0,0,4,7,10,0,7
"Smp_050160",0,0,0,2,4,2,0,2
"Smp_050220",2,0,2,12,4,2,0,2
"Smp_050280",2,1,0,4,0,5,0,4
"Smp_050360",1,2,4,7,11,12,0,8
"Smp_050570",4,3,5,5,1,4,0,2
"Smp_050700",2,0,0,2,0,4,0,2
"Smp_050830",0,0,2,2,2,2,0,10
"Smp_050920",4,0,2,4,4,6,0,4
"Smp_050940",2,0,4,4,4,16,2,6
"Smp_051080",1,0,4,6,0,2,0,6
"Smp_051210",12,2,6,10,10,14,1,18
"Smp_051230",8,0,4,4,6,30,2,12
"Smp_051260",22,2,12,20,18,30,2,26
"Smp_051300",3,4,0,0,4,6,4,4
"Smp_051530",2,2,0,0,2,4,0,0
"Smp_051640",2,0,4,2,2,9,0,4
"Smp_051670",10,1,1,3,0,5,0,4
"Smp_052060",0,4,0,6,2,7,0,3
"Smp_052230",0,2,0,6,0,2,0,6
"Smp_052330",4,0,0,4,0,6,0,2
"Smp_052350",5,2,2,6,0,0,0,2
"Smp_052500",3,0,0,2,4,4,0,3
"Smp_052640",12,1,1,9,3,1,2,0
"Smp_052780",2,0,0,2,4,2,0,0
"Smp_052910",8,2,2,2,0,8,0,4
"Smp_053060",2,0,4,0,2,2,0,0
"Smp_053120",3,0,2,5,1,0,0,0
"Smp_053130",13,2,7,6,8,18,0,6
"Smp_053220",4,0,0,10,0,6,0,8
"Smp_053230",6,4,6,6,0,22,0,14
"Smp_053390",2,2,4,2,2,6,0,6
"Smp_053430",2,2,0,2,2,2,0,0
"Smp_053510",2,0,2,6,2,6,0,0
"Smp_053610",6,0,6,14,2,4,0,2
"Smp_053820",6,2,0,4,2,14,2,6
"Smp_053830",10,0,4,4,8,14,0,4
"Smp_053940",5,3,4,17,13,12,0,13
"Smp_054120",2,1,5,6,2,0,0,4
"Smp_054240",16,10,8,10,10,46,0,12
"Smp_054300",2,0,2,4,2,0,0,2
"Smp_054320",138,30,91,149,65,191,12,150
"Smp_054340",16,2,10,8,0,10,0,14
"Smp_054470",6,0,0,0,2,2,0,7
"Smp_054540",2,2,0,0,8,4,0,10
"Smp_054560",4,5,0,2,0,3,0,2
"Smp_054730",0,0,0,2,2,2,0,4
"Smp_054790",11,3,3,6,7,4,3,9
"Smp_054800",12,8,13,9,10,19,7,30
"Smp_055050",10,0,8,0,10,12,0,6
"Smp_055200",33,14,14,29,13,34,2,31
"Smp_055260",2,0,0,2,2,2,0,2
"Smp_055440",5,2,0,2,1,2,0,2
"Smp_055720",2,4,0,8,5,4,2,4
"Smp_055800",20,6,16,16,6,8,2,6
"Smp_055880",4,0,10,12,4,18,0,6
"Smp_055900",10,0,2,2,0,4,0,2
"Smp_055960",6,0,2,10,6,12,4,6
"Smp_055990",2,0,2,18,4,12,0,10
"Smp_056200",4,0,2,2,0,0,0,2
"Smp_056360",32,4,8,24,10,17,4,18
"Smp_056440",8,0,0,4,2,3,0,2
"Smp_056460",10,2,5,10,8,26,2,15
"Smp_056500",14,0,10,14,8,12,0,8
"Smp_056620",5,0,2,2,0,2,2,0
"Smp_056640",4,0,0,0,2,0,2,4
"Smp_056760",4,0,2,2,6,12,0,7
"Smp_056810",2,0,0,6,0,4,2,0
"Smp_056900",8,1,3,1,0,3,0,3
"Smp_056970",24,8,16,12,20,48,0,21
"Smp_057120",5,2,0,2,0,0,0,1
"Smp_057230",2,2,2,3,0,0,1,2
"Smp_057320",0,0,0,4,0,8,2,6
"Smp_057620",2,0,2,0,2,4,0,2
"Smp_057630",2,2,2,0,4,2,0,6
"Smp_058150",0,2,2,4,0,4,0,2
"Smp_058170",8,0,6,14,4,8,2,2
"Smp_058240",0,2,2,2,2,0,0,2
"Smp_058270",3,1,1,2,0,4,0,4
"Smp_058320",2,0,4,0,0,2,0,4
"Smp_058450",25,7,8,4,2,9,2,10
"Smp_058460",0,2,2,8,0,2,0,4
"Smp_058620",2,0,0,2,0,4,0,4
"Smp_058650",0,6,2,6,4,2,0,0
"Smp_058690",10,2,7,12,10,40,0,14
"Smp_058700",2,0,1,0,3,6,0,4
"Smp_058730",8,2,0,6,0,0,4,0
"Smp_058780",4,0,2,0,2,0,0,6
"Smp_059130",4,0,2,0,0,4,0,9
"Smp_059200",3,0,1,2,2,8,0,0
"Smp_059210",2,0,2,4,2,4,0,4
"Smp_059240",2,2,1,0,6,4,0,0
"Smp_059340",6,0,0,6,0,8,2,5
"Smp_059350",4,0,2,2,6,4,0,4
"Smp_059540",2,0,0,2,4,0,0,2
"Smp_059600",1,2,0,4,2,0,0,14
"Smp_059780",1,0,0,7,1,5,0,11
"Smp_059790",1,0,4,2,2,0,0,2
"Smp_059920",0,0,2,2,0,0,4,2
"Smp_060090",31,6,4,6,10,28,0,8
"Smp_060190",0,2,4,4,4,10,4,12
"Smp_060420",4,2,2,6,4,6,0,12
"Smp_060480",2,0,2,4,0,2,0,0
"Smp_060910",2,4,4,8,8,22,0,6
"Smp_060950",0,0,1,1,0,4,2,2
"Smp_061200",14,4,10,10,14,18,0,16
"Smp_061230",6,2,2,0,2,0,0,0
"Smp_061250",5,2,2,2,0,4,0,2
"Smp_061310",4,2,0,2,2,1,0,4
"Smp_061480",4,2,0,8,2,2,0,4
"Smp_061510",2,0,2,2,2,0,0,2
"Smp_061580",2,6,2,4,4,10,0,8
"Smp_061590",3,4,0,4,5,6,0,5
"Smp_061840",4,1,0,2,0,2,0,1
"Smp_061920",10,2,6,16,2,12,0,4
"Smp_061940",16,4,4,10,2,12,0,17
"Smp_062250",2,0,4,10,0,10,0,4
"Smp_062270",35,13,19,29,17,13,0,25
"Smp_062300",0,2,0,1,1,4,0,4
"Smp_062420",14,0,4,16,8,0,0,14
"Smp_062630",8,0,4,2,0,4,0,2
"Smp_062640",0,0,1,2,4,4,2,2
"Smp_062890",2,0,0,2,2,4,0,2
"Smp_062900",8,2,0,2,2,1,0,6
"Smp_062980",2,0,0,2,2,2,0,2
"Smp_063070",8,0,8,6,4,2,1,5
"Smp_063120",3,0,0,2,0,4,0,4
"Smp_063230",0,1,4,0,0,0,2,6
"Smp_063300",0,0,2,6,4,2,0,6
"Smp_063330",8,0,4,4,4,4,0,2
"Smp_063350",6,2,8,10,0,16,0,11
"Smp_063390",0,1,0,10,2,2,0,0
"Smp_063420",10,0,2,10,11,8,2,10
"Smp_063640",2,0,0,0,4,4,0,2
"Smp_064040",9,5,3,5,0,6,0,10
"Smp_064050",6,0,4,4,2,4,0,2
"Smp_064360",6,5,4,6,0,2,0,3
"Smp_064500",0,2,2,2,2,9,0,4
"Smp_064510",0,0,2,0,4,4,2,2
"Smp_064520",0,0,4,0,0,2,2,2
"Smp_064590",0,0,2,6,4,12,2,4
"Smp_064860",8,2,2,6,8,6,0,4
"Smp_064870",2,2,2,1,4,1,0,4
"Smp_064950",2,0,0,4,2,2,0,8
"Smp_065580",6,0,7,8,6,12,0,8
"Smp_065610",2,0,4,2,0,4,0,6
"Smp_065770",2,2,1,4,1,0,0,0
"Smp_065840",2,0,0,4,2,4,0,6
"Smp_066200",8,4,5,7,7,6,0,6
"Smp_066410",10,2,0,0,2,3,0,2
"Smp_066430",3,6,0,2,2,2,0,4
"Smp_066610",8,0,3,4,0,2,0,4
"Smp_066630",2,0,0,2,0,6,0,4
"Smp_066740",13,9,7,9,3,9,0,12
"Smp_066760",7,4,6,10,18,2,0,12
"Smp_066830",4,0,4,2,2,0,2,2
"Smp_066890",4,0,2,6,0,2,0,8
"Smp_066970",2,2,2,6,0,2,2,4
"Smp_066990",8,2,0,7,0,6,2,2
"Smp_067000",2,0,6,12,4,2,0,10
"Smp_067140",0,0,4,0,6,6,0,2
"Smp_067400",0,0,2,2,4,4,2,4
"Smp_067480",0,2,2,8,0,0,0,2
"Smp_067490",2,0,2,7,3,7,0,7
"Smp_067540",2,2,2,8,2,2,0,4
"Smp_067810",4,2,0,2,2,6,0,2
"Smp_067900",0,2,6,2,2,0,0,2
"Smp_068060",2,0,2,4,2,0,0,1
"Smp_068100",7,0,0,8,0,2,2,13
"Smp_068110",6,2,3,4,0,2,0,0
"Smp_068120",2,1,4,2,0,4,0,2
"Smp_068220",2,2,0,0,8,4,0,2
"Smp_068250",0,0,2,0,2,2,0,4
"Smp_068270",0,2,0,0,2,6,0,3
"Smp_068420",4,0,2,2,2,0,0,2
"Smp_068510",8,2,0,10,6,8,0,2
"Smp_068750",8,6,3,15,6,23,8,30
"Smp_068920",4,2,5,5,3,14,0,2
"Smp_068960",4,2,0,0,0,2,0,2
"Smp_069130",10,2,8,6,8,2,0,16
"Smp_069160",16,0,2,10,9,16,1,10
"Smp_069760",1,0,2,4,2,4,0,0
"Smp_069870",3,0,4,2,0,2,0,0
"Smp_069880",2,0,0,4,2,2,0,2
"Smp_069900",2,0,2,4,2,0,0,0
"Smp_069960",4,0,2,4,4,8,0,10
"Smp_070200",9,0,0,2,0,4,0,8
"Smp_070380",4,0,4,0,0,2,0,2
"Smp_070680",2,2,2,6,2,2,2,4
"Smp_070860",4,0,4,8,2,8,2,2
"Smp_071250",4,0,6,4,10,10,0,2
"Smp_071390",32,2,18,16,4,42,2,14
"Smp_071470",2,0,6,4,4,8,0,4
"Smp_071550",84,25,50,50,25,125,10,82
"Smp_071560",32,15,14,31,12,20,0,20
"Smp_071630",4,0,2,2,0,6,0,4
"Smp_071640",6,0,2,2,8,8,0,8
"Smp_071830",15,0,6,9,0,8,2,7
"Smp_072080",13,5,4,11,3,9,0,6
"Smp_072090",19,2,8,6,3,11,0,19
"Smp_072110",2,1,4,4,8,14,0,14
"Smp_072140",0,2,8,6,10,6,0,6
"Smp_072320",6,7,4,3,8,5,1,14
"Smp_072330",22,10,14,22,40,32,2,104
"Smp_072340",12,0,10,11,1,7,0,17
"Smp_072350",2,3,3,1,0,1,0,0
"Smp_072360",1,2,4,5,0,4,0,2
"Smp_072370",6,2,0,4,4,2,0,8
"Smp_072380",0,0,0,4,6,6,0,2
"Smp_072720",6,0,2,8,4,4,0,4
"Smp_072790",3,2,0,3,3,5,0,5
"Smp_072900",16,10,20,22,14,36,2,24
"Smp_073140",2,0,2,2,2,2,0,0
"Smp_073290",9,2,2,2,0,4,0,2
"Smp_073340",0,0,0,6,7,4,1,10
"Smp_073470",2,0,2,2,4,4,0,2
"Smp_073500",2,0,0,2,4,6,0,4
"Smp_073590",0,0,2,4,0,2,2,4
"Smp_073610",2,0,2,2,0,6,0,0
"Smp_073620",2,2,1,4,6,11,0,8
"Smp_073680",4,0,1,2,2,2,0,0
"Smp_073800",1,0,2,2,0,5,0,2
"Smp_073880",18,2,8,26,14,38,2,12
"Smp_073940",2,0,4,9,2,4,0,4
"Smp_074000",11,4,4,10,14,19,0,6
"Smp_074050",6,0,2,6,6,6,0,4
"Smp_074080",4,3,0,4,0,4,0,4
"Smp_074140",4,0,4,14,6,6,0,9
"Smp_074330",0,2,3,0,2,1,0,2
"Smp_074370",4,0,2,2,2,0,0,0
"Smp_074470",4,0,2,1,0,6,0,2
"Smp_074500",0,0,0,2,2,4,2,0
"Smp_074700",2,2,2,8,6,12,2,0
"Smp_074780",10,0,2,10,2,12,0,6
"Smp_074930",11,0,8,10,2,26,2,12
"Smp_074950",2,0,4,2,0,2,0,0
"Smp_075000",3,3,0,4,1,3,0,1
"Smp_075060",4,0,0,1,0,3,0,2
"Smp_075120",4,0,0,6,0,10,0,6
"Smp_075130",2,0,0,2,2,2,0,4
"Smp_075210",6,0,4,8,4,8,0,0
"Smp_075220",1,0,2,0,6,4,0,1
"Smp_075330",4,0,0,6,0,8,0,8
"Smp_075440",3,3,6,3,4,4,0,7
"Smp_075500",2,0,0,4,0,2,0,2
"Smp_076010",2,2,4,8,0,8,0,0
"Smp_076040",2,0,0,0,2,2,0,4
"Smp_076150",4,0,0,4,2,2,0,0
"Smp_076230",2,0,2,0,6,4,0,6
"Smp_076370",4,2,0,0,0,4,0,2
"Smp_076530",6,0,2,0,4,4,4,2
"Smp_076660",4,0,0,4,2,2,0,2
"Smp_076740",6,0,4,2,4,10,0,5
"Smp_076950",3,0,0,0,1,2,0,4
"Smp_076960",0,0,4,6,8,2,0,0
"Smp_077020",14,1,6,6,2,12,1,2
"Smp_077070",0,0,2,4,0,8,0,2
"Smp_077090",2,0,0,6,2,0,0,2
"Smp_077120",2,0,0,4,0,2,0,3
"Smp_077280",2,0,0,2,2,4,2,0
"Smp_077390",2,0,2,4,2,1,0,0
"Smp_077560",6,2,1,0,2,2,0,0
"Smp_078230",6,2,0,8,0,2,2,6
"Smp_078320",6,4,4,6,6,16,0,6
"Smp_078590",16,2,12,26,7,38,2,26
"Smp_078610",6,0,0,0,4,2,0,2
"Smp_078730",6,0,0,0,2,9,0,2
"Smp_079010",6,0,2,4,2,2,0,4
"Smp_079050",0,2,2,2,0,4,0,0
"Smp_079220",12,4,6,12,0,22,4,10
"Smp_079230",30,10,14,16,18,44,4,14
"Smp_079270",2,1,4,2,4,0,0,1
"Smp_079310",2,0,2,0,2,8,0,4
"Smp_079430",8,4,4,4,6,8,0,4
"Smp_079490",0,0,2,8,8,14,0,10
"Smp_079650",5,1,2,5,4,8,0,0
"Smp_079700",38,19,37,49,12,33,3,55
"Smp_079730",16,6,7,21,2,15,2,17
"Smp_079740",25,9,16,28,11,14,3,20
"Smp_079770",7,0,6,2,2,6,0,5
"Smp_079860",6,0,4,0,4,6,0,4
"Smp_079910",0,0,2,0,4,2,0,7
"Smp_079920",10,0,0,8,4,8,0,6
"Smp_079950",2,2,0,2,0,8,0,0
"Smp_079960",6,0,0,7,3,7,0,6
"Smp_080280",12,0,10,12,2,13,0,14
"Smp_080370",8,2,4,6,4,6,0,11
"Smp_080420",2,2,2,6,0,0,0,6
"Smp_080530",0,0,0,2,4,4,0,2
"Smp_080840",3,3,4,6,2,5,0,6
"Smp_080920",14,2,6,13,14,48,0,24
"Smp_080980",10,4,8,8,8,22,0,18
"Smp_082030",2,0,6,8,4,6,0,4
"Smp_082050",2,0,2,2,0,2,0,2
"Smp_082240",3,0,2,0,2,4,0,6
"Smp_082250",2,0,0,4,1,2,0,2
"Smp_082710",4,0,0,0,1,4,0,2
"Smp_082800",2,2,2,4,0,0,0,6
"Smp_082940",4,0,8,10,0,23,2,2
"Smp_083020",4,0,0,4,0,4,1,9
"Smp_083030",1,2,0,4,2,8,0,0
"Smp_083040",0,0,2,2,4,6,0,6
"Smp_083080",6,4,6,6,10,15,4,24
"Smp_083150",4,4,2,8,8,18,0,12
"Smp_083180",2,2,2,8,4,8,0,10
"Smp_083200",4,0,6,4,2,4,1,10
"Smp_083400",5,0,0,8,2,0,0,4
"Smp_083410",15,0,6,8,12,12,2,12
"Smp_083450",6,6,0,0,2,4,1,3
"Smp_083540",6,3,7,4,5,0,0,11
"Smp_083650",8,0,2,3,0,4,0,2
"Smp_083710",16,1,6,11,5,9,0,4
"Smp_083720",16,2,10,3,2,16,0,12
"Smp_083870",0,0,4,6,0,6,0,2
"Smp_084180",1,0,0,1,1,7,0,5
"Smp_084380",2,0,0,6,2,2,0,10
"Smp_084460",8,3,2,0,4,15,0,6
"Smp_084540",2,0,0,2,4,4,0,4
"Smp_084620",4,0,8,0,4,4,0,2
"Smp_084940",8,4,10,8,2,9,0,19
"Smp_085110",8,0,0,6,2,8,0,4
"Smp_085150",0,0,0,2,6,6,0,2
"Smp_085240",2,0,2,2,2,6,0,0
"Smp_085290",4,0,0,4,4,0,0,4
"Smp_085300",12,0,2,10,2,16,0,12
"Smp_085490",4,2,2,0,4,4,0,2
"Smp_085520",8,0,0,4,2,4,0,4
"Smp_085530",0,2,10,8,6,12,4,14
"Smp_085540",0,0,2,6,0,4,0,2
"Smp_085740",12,2,8,4,7,13,1,11
"Smp_085750",9,0,7,7,0,7,0,18
"Smp_086270",4,0,4,5,0,2,2,0
"Smp_086470",7,2,0,6,0,0,0,5
"Smp_086480",8,2,2,6,2,15,0,16
"Smp_086590",2,0,0,4,8,4,0,8
"Smp_086900",2,2,0,10,2,4,0,2
"Smp_087760",8,2,14,22,10,18,0,14
"Smp_087920",2,2,2,11,0,4,0,0
"Smp_087930",2,0,0,0,4,6,0,6
"Smp_087940",3,2,4,4,2,14,0,0
"Smp_088650",2,0,2,0,0,7,0,2
"Smp_088950",3,0,6,4,0,0,0,5
"Smp_089050",2,0,0,2,0,6,0,2
"Smp_089060",8,2,4,4,8,0,0,10
"Smp_089180",2,2,2,8,0,2,0,0
"Smp_089240",4,0,4,4,4,2,2,2
"Smp_089400",4,0,0,4,5,0,0,2
"Smp_089430",8,2,2,4,4,13,0,4
"Smp_089460",10,0,2,13,0,3,0,2
"Smp_089570",2,2,4,0,4,10,0,0
"Smp_089630",4,0,0,2,0,2,2,2
"Smp_089640",6,0,2,4,2,6,0,2
"Smp_089650",5,0,2,1,0,0,0,4
"Smp_089670",2,0,0,10,0,2,0,2
"Smp_089880",6,2,0,2,4,1,0,1
"Smp_089930",4,0,2,2,0,0,0,8
"Smp_090120",8,0,2,4,6,12,0,10
"Smp_090230",4,0,2,3,6,18,0,2
"Smp_090240",13,8,11,9,0,10,0,8
"Smp_090450",1,2,4,4,0,2,0,0
"Smp_090690",5,4,1,5,5,3,0,7
"Smp_090800",2,0,0,6,6,8,0,2
"Smp_090890",2,0,0,2,2,0,0,4
"Smp_090920",31,3,6,16,4,2,0,9
"Smp_090930",14,2,2,12,2,8,0,8
"Smp_091010",8,2,6,10,6,16,0,14
"Smp_091170",4,0,2,2,6,0,0,3
"Smp_091240",4,2,4,0,0,0,0,2
"Smp_091390",7,2,4,5,0,2,0,2
"Smp_091460",8,2,14,12,26,22,4,34
"Smp_091470",0,0,0,4,0,4,2,4
"Smp_091480",6,0,4,8,4,16,0,8
"Smp_091840",2,0,6,0,2,6,0,4
"Smp_092280",2,0,0,2,4,4,0,2
"Smp_092320",2,2,0,0,1,2,0,4
"Smp_092380",0,0,0,6,2,6,0,4
"Smp_092500",4,4,0,0,2,6,0,4
"Smp_092750",23,6,12,16,16,22,0,8
"Smp_092770",16,4,13,14,7,32,0,19
"Smp_092780",2,0,0,6,4,4,0,5
"Smp_092810",6,3,1,13,0,7,0,0
"Smp_092880",10,2,1,2,0,4,0,4
"Smp_092930",6,0,0,2,2,2,0,2
"Smp_093100",2,0,0,2,10,6,2,4
"Smp_093280",9,4,4,2,4,2,0,14
"Smp_093440",6,0,4,7,4,24,0,8
"Smp_093540",6,0,0,5,0,3,0,1
"Smp_093690",6,2,0,2,6,2,0,12
"Smp_093700",0,0,2,2,0,4,0,4
"Smp_093720",10,3,6,3,1,7,0,3
"Smp_093820",0,0,2,4,8,2,0,2
"Smp_093930",21,4,10,20,8,4,0,11
"Smp_093950",2,0,4,6,4,2,0,6
"Smp_094020",0,1,4,1,2,0,0,2
"Smp_094140",9,1,2,2,3,8,0,6
"Smp_094330",0,0,2,6,2,0,0,6
"Smp_094360",0,2,0,0,2,2,0,6
"Smp_094420",4,0,2,4,1,4,2,4
"Smp_094480",2,0,2,4,0,4,0,0
"Smp_094630",0,4,6,2,0,2,0,2
"Smp_094760",0,0,2,8,2,2,2,4
"Smp_094810",2,2,0,6,2,5,2,0
"Smp_095130",0,0,2,2,2,2,0,4
"Smp_095150",0,0,6,8,0,4,4,6
"Smp_095580",2,0,0,2,0,4,0,2
"Smp_095670",2,1,0,2,0,2,0,4
"Smp_095910",2,0,2,2,2,2,0,2
"Smp_096010",3,2,0,2,0,6,0,2
"Smp_096020",6,0,0,4,2,8,0,4
"Smp_096200",2,0,2,4,2,2,1,6
"Smp_096390",18,0,4,12,6,8,2,8
"Smp_096450",8,2,4,2,4,6,0,8
"Smp_096720",5,3,2,2,1,0,0,2
"Smp_096750",4,1,12,16,7,30,1,8
"Smp_096760",2,0,2,4,2,4,0,8
"Smp_097180",4,0,3,8,2,4,0,5
"Smp_097240",8,0,0,11,6,5,0,3
"Smp_097320",5,2,1,3,0,3,0,5
"Smp_097380",16,2,2,4,2,10,0,8
"Smp_097490",8,0,6,8,0,10,0,2
"Smp_097500",8,0,0,5,0,6,2,7
"Smp_097590",18,2,6,11,5,10,2,14
"Smp_097660",14,6,0,10,26,20,0,18
"Smp_097700",2,2,2,2,0,6,0,2
"Smp_097750",18,6,6,16,8,39,0,24
"Smp_097790",2,4,0,6,2,1,2,1
"Smp_097800",33,12,40,77,45,66,8,46
"Smp_098320",3,0,0,3,2,2,0,0
"Smp_098330",4,0,0,4,2,6,0,2
"Smp_098650",5,5,4,3,0,4,2,5
"Smp_098890",6,2,2,6,6,8,0,6
"Smp_098960",12,0,2,12,4,18,0,12
"Smp_099030",14,0,0,12,4,10,0,12
"Smp_099310",4,0,2,5,0,0,1,2
"Smp_099320",2,0,0,1,4,2,0,2
"Smp_099630",6,0,7,12,10,14,2,8
"Smp_099890",0,4,2,8,6,4,0,4
"Smp_099930",0,0,4,2,0,2,0,2
"Smp_100040",2,0,2,6,8,4,0,6
"Smp_100070",6,7,2,3,2,6,0,4
"Smp_100090",10,2,4,6,2,6,2,8
"Smp_100110",9,0,2,0,6,8,0,2
"Smp_101370",0,0,0,6,4,2,0,4
"Smp_101450",2,0,2,6,2,2,0,6
"Smp_101820",3,0,2,6,4,0,2,8
"Smp_102040",12,6,6,8,20,40,2,14
"Smp_102160",4,0,3,0,8,4,0,0
"Smp_102240",8,0,0,4,2,4,2,2
"Smp_102280",0,0,2,2,2,4,0,8
"Smp_102450",0,0,4,6,6,0,0,6
"Smp_102480",2,2,1,4,0,2,0,2
"Smp_102690",2,0,6,4,2,4,0,12
"Smp_102810",0,0,2,4,2,0,0,6
"Smp_103010",0,2,4,4,0,6,0,2
"Smp_103100",2,0,5,2,0,0,0,2
"Smp_103140",4,2,1,4,0,4,0,2
"Smp_103160",2,2,10,8,2,7,0,8
"Smp_103200",6,0,4,4,1,4,0,0
"Smp_103280",4,0,0,2,2,7,0,0
"Smp_103460",8,2,2,2,6,2,0,6
"Smp_103470",8,0,0,4,2,12,0,6
"Smp_103570",0,0,4,4,2,4,0,0
"Smp_103710",4,0,0,4,0,8,0,2
"Smp_103810",6,0,0,3,0,2,0,5
"Smp_103920",4,0,2,5,2,3,0,2
"Smp_103930",6,0,2,2,0,13,0,6
"Smp_103950",2,0,0,2,0,10,0,2
"Smp_103990",2,0,4,2,4,4,0,1
"Smp_104000",2,0,0,4,0,6,0,2
"Smp_104030",4,0,2,2,2,4,0,4
"Smp_104210",6,4,5,0,2,2,0,4
"Smp_104270",4,2,0,2,0,2,0,2
"Smp_104330",6,2,2,0,2,2,0,4
"Smp_104470",4,2,2,4,0,0,0,8
"Smp_104500",4,0,1,9,0,6,0,2
"Smp_104660",6,0,2,4,0,2,0,6
"Smp_104710",0,1,4,5,1,0,0,0
"Smp_104790",23,13,15,24,8,13,2,24
"Smp_104860",3,0,0,4,6,3,0,4
"Smp_104870",3,2,1,0,4,4,0,0
"Smp_104970",6,6,4,0,2,8,0,4
"Smp_105090",5,0,6,2,0,0,0,4
"Smp_105210",2,0,2,4,0,12,0,2
"Smp_105320",0,6,2,8,0,16,0,0
"Smp_105330",2,0,0,2,2,1,0,4
"Smp_105680",2,6,0,0,0,6,2,4
"Smp_105860",10,0,4,2,6,0,0,6
"Smp_105910",0,0,1,6,4,2,0,4
"Smp_105930",2,0,0,2,2,8,0,2
"Smp_105970",4,1,0,0,6,2,2,10
"Smp_106080",2,0,2,3,4,0,0,3
"Smp_106130",6,4,0,12,4,8,0,26
"Smp_106750",8,1,1,4,1,4,0,2
"Smp_111340",43,2,18,31,12,10,3,24
"Smp_111980",0,0,4,6,0,2,0,2
"Smp_112930",6,0,2,2,0,4,0,0
"Smp_113620",8,2,10,2,10,20,0,12
"Smp_113630",12,5,2,3,2,4,0,2
"Smp_118040",4,2,0,3,1,2,0,2
"Smp_118830",0,0,0,2,2,10,0,6
"Smp_119110",6,0,2,6,2,2,0,6
"Smp_119310",2,2,0,8,4,8,0,5
"Smp_120320",6,0,2,2,2,2,0,2
"Smp_120380",11,0,4,10,1,0,0,11
"Smp_120640",4,0,0,6,6,10,0,0
"Smp_121420",0,0,6,3,2,3,0,0
"Smp_121430",4,0,0,2,0,8,2,0
"Smp_121780",12,10,9,24,6,15,5,18
"Smp_121950",5,0,0,6,0,8,0,9
"Smp_121990",0,0,4,2,2,10,0,8
"Smp_122030",0,0,0,4,0,6,2,2
"Smp_122370",4,0,0,2,2,2,0,0
"Smp_122800",5,0,0,2,4,2,0,2
"Smp_122820",3,0,0,1,1,10,0,4
"Smp_122840",8,0,8,20,8,40,6,36
"Smp_123040",2,0,4,4,0,13,2,4
"Smp_123060",3,2,0,0,2,2,0,2
"Smp_123070",3,1,0,5,0,2,0,2
"Smp_123165",7,0,2,3,0,2,0,4
"Smp_123180",0,2,0,6,0,4,2,8
"Smp_123290",78,15,10,25,7,45,3,17
"Smp_123440",4,2,2,4,4,6,0,4
"Smp_123500",4,2,0,2,4,0,0,0
"Smp_123570",8,0,6,9,2,4,0,11
"Smp_123600",8,0,0,10,7,5,0,5
"Smp_123610",43,12,14,35,14,15,1,37
"Smp_123710",0,0,4,2,2,4,2,0
"Smp_124320",2,2,2,2,0,2,0,1
"Smp_124440",2,0,0,4,0,2,0,2
"Smp_124460",4,2,0,6,2,4,0,2
"Smp_124650",19,9,10,14,0,6,2,10
"Smp_124820",3,2,2,5,4,3,0,5
"Smp_124840",4,0,5,2,0,2,2,5
"Smp_125280",5,2,0,0,4,1,0,0
"Smp_125360",2,0,0,2,6,0,0,2
"Smp_125460",0,0,0,2,6,8,0,4
"Smp_125500",0,2,0,4,0,2,0,5
"Smp_125550",4,0,0,4,1,10,0,5
"Smp_125770",0,0,0,4,2,2,0,2
"Smp_125890",8,0,0,2,2,2,0,1
"Smp_125900",3,0,5,1,0,0,0,1
"Smp_126020",4,0,0,2,2,2,0,0
"Smp_126240",8,0,6,10,0,0,0,2
"Smp_126260",2,0,4,2,0,2,0,4
"Smp_126460",2,2,0,0,0,6,2,4
"Smp_126480",2,2,0,8,0,4,0,6
"Smp_126580",5,0,3,2,0,6,0,11
"Smp_126720",6,0,5,6,2,7,2,6
"Smp_126750",2,0,2,0,4,8,0,4
"Smp_126770",1,0,4,4,0,2,2,0
"Smp_126860",1,2,4,0,2,6,0,2
"Smp_126910",6,0,0,2,4,4,0,6
"Smp_127010",4,0,2,8,2,4,4,0
"Smp_127060",2,0,2,0,2,3,1,4
"Smp_127140",10,0,4,0,2,0,0,6
"Smp_127160",4,0,4,2,0,2,0,2
"Smp_127280",6,2,2,7,1,2,4,2
"Smp_127440",2,0,0,8,8,6,2,7
"Smp_127450",2,0,2,4,1,2,0,0
"Smp_127460",7,2,1,4,0,1,1,2
"Smp_127500",6,2,4,2,0,4,0,0
"Smp_127620",2,0,2,4,0,0,0,8
"Smp_127810",7,0,4,4,2,0,0,0
"Smp_127940",2,0,4,3,0,2,0,0
"Smp_128230",2,4,0,2,0,2,0,0
"Smp_128360",2,2,2,4,0,0,0,2
"Smp_128370",4,0,6,2,4,0,0,2
"Smp_128390",9,3,4,5,3,0,2,7
"Smp_128420",2,0,0,4,2,0,0,2
"Smp_128690",3,2,2,0,3,4,2,2
"Smp_128770",8,0,2,4,3,2,0,2
"Smp_128790",0,2,1,4,2,5,0,2
"Smp_128870",2,0,0,5,2,2,0,1
"Smp_128890",3,0,2,2,3,4,0,0
"Smp_128950",2,0,0,0,2,2,0,6
"Smp_128990",4,8,11,9,1,6,2,12
"Smp_129020",0,0,4,4,0,2,0,4
"Smp_129080",6,0,6,2,6,10,0,2
"Smp_129110",2,0,0,2,4,0,0,2
"Smp_129360",4,0,4,4,7,8,2,8
"Smp_129670",1,0,0,2,0,8,0,10
"Smp_129720",0,0,2,2,6,2,0,0
"Smp_129770",0,2,2,6,2,2,0,8
"Smp_129900",1,0,2,0,2,6,0,2
"Smp_129960",2,0,2,1,1,2,0,2
"Smp_129970",2,2,0,4,2,4,0,0
"Smp_130030",4,0,0,6,2,2,0,3
"Smp_130180",2,0,2,4,0,4,0,2
"Smp_130200",4,0,0,4,2,2,2,2
"Smp_130230",0,1,0,1,1,5,0,3
"Smp_130260",30,6,3,9,4,7,0,5
"Smp_130280",2,0,2,2,2,2,0,3
"Smp_130300",14,0,0,4,0,10,0,2
"Smp_130410",8,2,1,0,8,4,0,0
"Smp_130440",8,0,0,4,4,4,0,8
"Smp_130520",5,2,6,8,8,6,0,4
"Smp_130540",7,3,0,2,0,4,0,2
"Smp_130680",5,7,0,4,2,2,0,0
"Smp_130690",8,4,6,4,11,12,0,4
"Smp_130730",135,57,47,79,30,65,10,81
"Smp_130790",2,0,0,2,0,4,0,4
"Smp_130850",2,0,4,2,4,12,0,4
"Smp_131030",6,2,0,0,4,3,0,0
"Smp_131150",2,0,0,4,2,0,0,6
"Smp_131250",4,2,6,10,0,8,0,4
"Smp_131600",69,19,20,24,10,34,4,33
"Smp_131770",2,0,3,2,4,0,0,2
"Smp_131870",4,0,2,14,3,2,0,8
"Smp_132050",4,2,4,0,0,0,0,2
"Smp_132090",0,0,4,6,4,6,2,6
"Smp_132180",2,2,4,6,0,2,0,2
"Smp_132250",8,3,3,4,6,1,1,3
"Smp_132300",3,0,0,0,2,7,1,1
"Smp_132350",4,0,0,6,2,0,0,4
"Smp_132450",0,2,0,2,3,0,0,4
"Smp_132590",0,0,2,0,8,4,0,5
"Smp_132640",2,0,0,4,0,2,0,2
"Smp_132870",4,0,0,2,0,4,0,4
"Smp_133110",12,4,10,16,11,24,0,32
"Smp_133120",8,2,0,8,2,10,0,6
"Smp_133280",4,0,2,0,2,2,2,0
"Smp_133300",4,0,4,2,0,2,0,0
"Smp_133330",0,0,2,2,0,4,0,4
"Smp_133340",2,0,2,1,3,4,0,2
"Smp_133350",16,4,4,21,8,16,2,14
"Smp_133400",4,0,2,0,6,6,0,4
"Smp_133530",4,4,2,4,2,4,0,7
"Smp_133690",4,0,0,2,4,0,0,6
"Smp_133700",2,2,0,0,2,4,0,0
"Smp_133710",2,0,4,2,4,4,0,8
"Smp_133790",6,2,0,6,0,0,0,2
"Smp_134010",2,2,0,4,2,4,0,2
"Smp_134140",2,0,0,4,0,4,0,2
"Smp_134300",0,4,0,4,4,0,0,2
"Smp_134410",0,2,0,2,2,0,0,6
"Smp_134470",8,2,6,4,2,4,0,2
"Smp_134480",0,0,0,1,2,4,0,6
"Smp_134510",8,2,12,12,0,6,0,8
"Smp_134670",5,2,1,6,2,3,0,2
"Smp_135080",4,0,2,4,0,6,0,4
"Smp_135100",2,0,2,0,4,8,0,4
"Smp_135120",2,1,0,4,2,4,0,2
"Smp_135270",2,0,0,5,0,2,0,2
"Smp_135280",0,0,4,2,0,2,0,4
"Smp_135460",4,0,2,2,1,0,0,1
"Smp_135710",4,0,2,4,0,0,2,1
"Smp_135770",6,2,6,2,2,4,0,5
"Smp_135790",2,0,2,0,0,0,2,4
"Smp_135830",2,0,4,2,0,3,0,2
"Smp_135840",2,0,6,4,2,4,0,3
"Smp_136010",2,0,2,5,2,0,0,0
"Smp_136090",4,0,2,0,2,0,0,2
"Smp_136190",9,4,6,8,4,7,0,5
"Smp_136240",2,0,0,2,2,6,0,0
"Smp_136280",2,0,2,5,0,2,0,2
"Smp_136570",4,2,3,2,2,4,0,2
"Smp_136580",0,0,2,2,2,3,0,2
"Smp_136590",0,0,1,4,2,10,2,2
"Smp_136700",7,3,2,5,9,10,0,0
"Smp_136710",0,2,0,2,0,4,0,2
"Smp_136770",6,1,1,0,0,1,0,2
"Smp_136780",0,4,2,2,2,4,2,1
"Smp_136930",2,2,0,4,0,2,0,4
"Smp_137020",0,0,2,6,2,4,0,0
"Smp_137080",0,0,0,2,2,6,0,1
"Smp_137330",0,0,2,4,2,4,2,2
"Smp_137540",6,2,2,0,2,2,0,2
"Smp_137750",4,5,1,1,0,1,0,1
"Smp_137870",2,0,2,6,2,4,0,2
"Smp_137890",2,0,4,4,7,8,0,6
"Smp_137920",2,0,4,2,2,2,0,0
"Smp_138030",2,0,0,4,2,4,0,2
"Smp_138050",0,2,2,0,4,0,0,4
"Smp_138220",2,0,0,2,0,2,0,6
"Smp_138240",13,4,6,29,3,19,0,10
"Smp_138320",2,2,2,0,0,0,0,6
"Smp_138520",3,0,2,7,2,4,0,1
"Smp_138640",2,2,4,4,1,2,0,5
"Smp_138680",0,0,0,8,8,6,0,6
"Smp_138760",18,5,8,14,5,30,1,18
"Smp_138930",2,0,2,4,2,2,0,4
"Smp_139030",5,2,2,5,8,25,2,7
"Smp_139520",68,17,72,89,33,132,7,83
"Smp_139840",0,0,2,4,2,2,0,2
"Smp_140000",14,4,0,10,8,24,0,21
"Smp_140020",0,0,1,4,6,6,2,0
"Smp_140040",3,2,4,0,2,0,0,0
"Smp_140080",2,0,2,0,2,2,2,4
"Smp_140120",2,0,2,4,0,0,2,6
"Smp_140260",2,2,0,0,0,2,0,4
"Smp_140270",5,2,0,4,2,2,0,4
"Smp_140290",2,0,0,4,0,2,0,2
"Smp_140390",15,0,4,4,6,9,0,7
"Smp_140590",4,2,2,2,0,0,0,0
"Smp_140680",8,6,6,8,10,32,0,10
"Smp_140800",0,2,0,3,2,3,0,5
"Smp_140920",8,0,2,1,0,1,0,2
"Smp_141000",4,0,0,4,4,2,0,0
"Smp_141140",4,4,4,8,5,4,0,7
"Smp_141330",2,0,0,4,2,4,0,8
"Smp_141570",0,0,0,4,2,2,0,4
"Smp_141610",6,2,2,0,6,10,0,14
"Smp_141630",4,0,0,0,4,15,0,4
"Smp_141710",5,1,0,0,2,2,0,2
"Smp_141860",8,0,0,2,0,2,0,2
"Smp_141970",7,4,2,10,2,0,0,0
"Smp_141980",11,2,9,0,1,0,2,5
"Smp_142180",2,2,2,2,0,8,0,2
"Smp_142410",2,0,4,2,0,0,0,2
"Smp_142550",2,0,2,4,4,0,0,0
"Smp_142650",4,0,0,4,2,4,0,6
"Smp_142710",2,0,2,4,0,2,0,4
"Smp_142740",2,0,2,8,0,1,0,2
"Smp_142770",2,2,2,2,2,5,0,0
"Smp_143390",2,0,0,4,2,0,0,2
"Smp_143440",2,0,2,2,2,0,0,4
"Smp_143470",1,0,4,0,2,4,2,2
"Smp_143490",2,2,0,2,4,2,2,2
"Smp_143580",13,8,11,13,7,20,5,8
"Smp_143630",5,2,5,3,2,2,0,1
"Smp_143760",85,29,56,75,45,57,10,78
"Smp_143780",2,0,2,0,0,2,2,4
"Smp_143840",6,0,4,4,4,6,1,6
"Smp_143860",2,0,0,4,2,0,0,3
"Smp_144010",4,0,2,3,2,0,0,2
"Smp_144080",10,0,2,4,6,0,0,4
"Smp_144140",2,0,2,0,2,2,0,2
"Smp_144360",0,2,0,4,4,1,0,4
"Smp_144490",3,0,2,2,2,2,0,4
"Smp_144570",2,0,2,2,0,4,0,0
"Smp_144590",0,0,3,0,3,4,0,2
"Smp_144820",4,4,1,13,4,6,4,14
"Smp_144840",8,0,0,0,0,2,2,8
"Smp_144870",6,2,2,4,4,6,0,6
"Smp_144930",15,1,11,17,7,23,5,19
"Smp_145250",0,0,2,4,2,2,0,0
"Smp_145300",10,9,25,38,16,69,0,33
"Smp_145350",32,12,24,36,10,20,0,28
"Smp_145360",4,0,0,3,2,2,0,4
"Smp_145420",3,0,2,2,4,0,0,0
"Smp_145460",27,2,14,22,14,28,0,30
"Smp_145510",6,1,2,5,1,2,0,1
"Smp_145610",6,0,0,2,2,6,2,4
"Smp_145700",8,0,8,8,2,14,4,10
"Smp_145890",6,2,2,4,0,1,0,4
"Smp_146060",4,0,0,4,0,4,0,4
"Smp_146120",0,2,0,0,4,2,0,5
"Smp_146190",12,8,8,8,8,20,2,4
"Smp_146200",4,0,0,2,2,5,0,2
"Smp_146240",4,0,4,2,2,2,0,0
"Smp_146290",8,0,4,2,0,3,0,5
"Smp_146300",2,2,5,8,0,7,1,10
"Smp_146340",7,0,1,4,0,0,0,6
"Smp_147050",2,4,4,6,2,4,0,0
"Smp_147240",2,0,0,4,2,4,0,0
"Smp_147400",2,0,0,2,4,0,0,4
"Smp_147420",0,0,2,4,2,6,0,5
"Smp_147520",2,0,0,4,4,0,0,4
"Smp_147560",2,0,0,2,2,4,0,3
"Smp_147840",2,0,0,8,0,4,0,2
"Smp_147850",2,0,0,2,2,0,0,6
"Smp_147920",0,0,0,4,2,0,2,6
"Smp_147960",2,2,0,6,6,10,0,2
"Smp_148070",43,6,10,16,6,51,0,18
"Smp_148160",2,2,4,12,0,0,0,0
"Smp_148230",12,2,2,2,3,6,0,2
"Smp_148250",2,1,2,0,2,0,2,4
"Smp_148450",2,2,0,4,0,2,0,0
"Smp_148540",0,0,0,4,2,4,0,2
"Smp_148770",4,2,0,9,0,8,0,6
"Smp_148800",6,0,2,0,4,8,2,0
"Smp_148830",5,1,4,8,4,8,0,5
"Smp_148930",2,0,2,4,0,4,0,4
"Smp_148940",16,13,11,14,8,21,1,20
"Smp_149010",26,8,9,12,3,8,1,4
"Smp_149030",3,0,0,2,2,2,0,4
"Smp_149040",2,0,3,2,2,2,0,0
"Smp_149410",3,1,0,0,2,2,0,2
"Smp_149430",4,2,1,6,1,7,0,4
"Smp_149900",7,0,2,6,2,4,0,0
"Smp_150080",1,2,4,3,4,11,3,5
"Smp_150220",1,0,4,6,0,0,0,4
"Smp_150320",4,0,2,6,6,4,0,4
"Smp_150360",2,2,4,6,2,4,0,3
"Smp_150550",3,0,2,0,0,2,0,4
"Smp_150590",2,1,2,2,2,1,0,2
"Smp_150650",2,0,0,2,1,7,0,2
"Smp_150690",10,0,2,6,2,14,2,2
"Smp_150750",2,0,4,4,0,0,0,2
"Smp_150980",3,0,2,2,2,4,1,0
"Smp_151050",1,1,1,2,2,6,0,2
"Smp_151100",2,0,2,10,2,6,0,2
"Smp_151310",2,0,2,0,0,4,0,2
"Smp_151320",12,4,11,20,0,24,0,16
"Smp_151380",0,0,2,5,2,0,2,1
"Smp_151410",6,0,3,0,2,0,1,0
"Smp_151580",4,0,2,2,2,2,0,2
"Smp_151650",6,2,6,2,10,6,0,6
"Smp_151730",2,0,4,0,2,0,0,2
"Smp_151780",8,2,5,4,4,6,1,8
"Smp_151820",6,0,0,2,1,0,0,1
"Smp_152000",2,2,0,8,0,2,1,4
"Smp_152090",8,0,2,1,1,1,2,3
"Smp_152130",2,4,2,6,6,4,2,6
"Smp_152330",2,0,2,2,0,0,0,6
"Smp_152370",4,0,2,2,0,4,0,2
"Smp_152430",4,0,2,2,2,2,0,2
"Smp_152440",0,2,0,2,0,4,0,2
"Smp_152550",4,2,0,9,4,0,0,2
"Smp_152570",2,0,1,2,6,0,0,0
"Smp_152650",2,0,0,2,2,0,2,4
"Smp_152790",2,0,2,2,2,0,2,8
"Smp_152850",0,1,2,0,1,3,0,5
"Smp_152940",4,3,3,3,2,0,0,2
"Smp_153140",3,4,2,3,0,9,5,4
"Smp_153170",2,0,2,0,4,0,0,4
"Smp_153340",0,2,0,2,0,2,0,6
"Smp_153350",0,0,2,0,4,6,0,2
"Smp_153410",2,0,0,4,0,4,0,4
"Smp_153490",0,0,2,4,0,2,0,2
"Smp_153590",2,0,2,2,2,5,2,0
"Smp_153700",2,2,0,8,0,6,0,0
"Smp_153710",20,5,11,5,3,16,3,3
"Smp_153720",0,2,0,4,0,2,0,5
"Smp_153760",2,0,0,8,1,1,0,0
"Smp_153770",2,0,3,4,1,2,0,0
"Smp_153790",14,0,0,14,10,26,0,2
"Smp_153820",0,2,2,2,0,2,0,2
"Smp_153840",2,2,4,2,2,0,0,0
"Smp_153960",2,2,0,4,2,8,0,4
"Smp_154000",3,0,2,3,2,2,0,2
"Smp_154080",2,0,0,0,4,2,0,4
"Smp_154100",6,0,0,4,1,2,0,4
"Smp_154250",9,2,0,2,4,10,0,12
"Smp_154270",0,0,4,6,2,2,0,6
"Smp_154320",2,0,2,12,0,2,0,6
"Smp_154410",2,2,6,8,8,16,0,11
"Smp_154530",6,0,8,10,4,10,0,10
"Smp_154610",6,2,2,2,2,0,0,4
"Smp_154690",2,0,0,4,2,4,0,2
"Smp_154960",2,0,0,2,0,12,0,2
"Smp_154980",10,0,6,6,0,2,2,4
"Smp_155000",2,0,2,5,1,0,0,0
"Smp_155020",13,2,4,11,0,12,0,8
"Smp_155060",54,8,11,18,28,47,4,36
"Smp_155110",0,0,4,8,4,2,0,2
"Smp_155390",7,0,0,2,0,1,0,3
"Smp_155780",8,0,0,4,0,2,0,2
"Smp_155810",2,0,2,4,0,2,0,2
"Smp_156000",0,0,2,2,0,2,2,2
"Smp_156340",24,8,17,23,23,41,0,31
"Smp_156450",1,0,6,6,0,2,2,2
"Smp_156670",2,0,2,2,0,2,0,4
"Smp_156720",8,2,0,3,0,0,0,2
"Smp_156880",6,4,1,3,0,6,0,6
"Smp_156910",0,0,0,2,4,2,2,4
"Smp_156950",2,2,5,5,2,2,0,4
"Smp_156960",2,0,0,2,2,2,0,2
"Smp_157320",0,0,1,0,4,2,0,4
"Smp_157360",0,2,4,4,4,0,0,2
"Smp_157410",2,2,2,0,4,6,2,4
"Smp_157540",6,0,2,0,0,4,0,2
"Smp_157800",2,0,0,6,0,2,0,4
"Smp_157980",38,16,19,30,13,29,2,41
"Smp_158050",6,0,3,0,0,2,0,6
"Smp_158450",2,0,2,0,0,4,0,2
"Smp_158620",9,2,2,16,2,6,2,2
"Smp_158670",7,5,1,3,1,1,0,2
"Smp_158990",37,21,9,8,11,62,0,16
"Smp_159090",38,16,16,24,15,36,0,43
"Smp_159100",2,0,2,2,0,2,0,2
"Smp_159730",2,2,2,3,4,0,0,0
"Smp_159780",19,2,16,24,12,16,0,30
"Smp_159990",10,4,5,8,0,3,0,2
"Smp_160000",2,0,4,6,4,2,0,8
"Smp_160270",0,0,4,2,6,8,0,4
"Smp_160370",9,0,0,2,2,1,0,2
"Smp_160460",5,0,1,8,1,0,0,2
"Smp_160490",5,2,2,5,3,1,0,3
"Smp_160600",4,0,4,4,6,10,0,4
"Smp_160760",8,2,2,2,2,0,0,2
"Smp_160850",0,4,0,6,4,0,0,10
"Smp_161080",5,0,2,2,2,0,0,0
"Smp_161160",2,2,0,2,2,8,0,2
"Smp_161750",1,0,0,0,2,4,0,4
"Smp_161960",2,0,2,2,0,4,0,6
"Smp_162000",0,2,1,0,6,6,0,0
"Smp_162040",4,4,0,0,0,5,0,2
"Smp_162310",5,2,0,6,0,0,0,6
"Smp_162350",2,0,0,2,2,5,0,2
"Smp_162390",1,0,2,1,2,8,2,0
"Smp_162600",4,0,0,0,0,2,2,2
"Smp_162630",2,0,8,6,2,7,0,4
"Smp_162660",7,2,6,3,7,11,2,6
"Smp_162790",0,0,0,1,2,4,0,4
"Smp_162910",2,2,0,6,0,2,2,6
"Smp_162920",4,0,2,2,2,2,0,2
"Smp_163110",0,0,2,0,2,2,0,4
"Smp_163210",6,2,10,2,0,4,0,6
"Smp_163250",7,3,4,16,0,14,2,9
"Smp_163300",2,0,3,4,2,0,0,2
"Smp_163320",15,10,13,12,8,12,2,20
"Smp_163330",2,0,2,3,4,6,2,13
"Smp_163430",4,2,4,3,0,6,0,4
"Smp_163460",2,2,0,2,0,0,0,4
"Smp_163550",5,2,2,2,0,12,0,0
"Smp_163580",2,2,10,4,8,6,0,6
"Smp_163710",2,0,2,14,0,6,0,6
"Smp_163780",2,0,2,2,0,2,0,2
"Smp_163980",4,0,2,2,0,1,0,9
"Smp_164020",4,0,1,4,2,4,0,4
"Smp_164200",0,2,2,6,2,2,0,2
"Smp_164210",2,0,0,0,2,4,0,4
"Smp_164410",5,3,0,6,2,2,0,2
"Smp_164500",5,0,2,8,0,3,0,5
"Smp_164590",3,0,0,0,4,2,0,4
"Smp_164650",4,2,4,10,6,8,2,6
"Smp_164730",3,0,2,0,0,6,0,4
"Smp_164820",13,6,13,24,4,15,0,14
"Smp_164990",4,0,0,2,2,0,0,2
"Smp_165070",1,0,3,7,1,5,2,7
"Smp_165200",2,0,0,4,0,2,0,2
"Smp_165350",7,2,3,7,7,10,0,4
"Smp_165460",4,0,2,2,2,6,0,2
"Smp_165490",5,0,6,6,10,18,0,4
"Smp_165550",2,3,0,4,0,2,0,0
"Smp_165570",4,2,4,8,0,4,0,8
"Smp_165690",35,14,10,51,21,61,0,54
"Smp_165780",6,4,2,0,4,4,0,10
"Smp_165930",4,0,0,4,4,2,0,4
"Smp_166080",0,0,0,0,4,4,2,4
"Smp_166120",0,0,4,2,0,2,0,2
"Smp_166170",8,2,0,12,0,2,0,2
"Smp_166200",6,0,1,2,0,0,0,4
"Smp_166300",2,0,0,2,0,6,0,2
"Smp_166400",0,2,2,2,0,0,2,2
"Smp_166600",2,1,2,4,2,4,0,8
"Smp_166610",15,2,6,4,2,5,4,1
"Smp_166660",8,2,4,0,0,0,0,2
"Smp_166820",5,1,0,2,1,2,0,0
"Smp_166940",0,0,0,5,3,0,2,2
"Smp_167010",2,0,2,0,2,0,0,6
"Smp_167200",4,0,0,1,4,2,0,0
"Smp_167240",19,1,5,16,6,17,0,16
"Smp_167280",2,2,2,2,0,0,0,2
"Smp_167330",2,0,4,10,0,7,2,0
"Smp_167370",2,0,2,0,1,7,0,4
"Smp_167410",6,0,0,7,2,1,0,3
"Smp_167500",15,2,4,6,6,9,0,2
"Smp_167590",0,3,2,0,2,0,0,4
"Smp_167680",4,0,4,0,2,4,0,1
"Smp_167800",4,0,5,1,6,2,1,8
"Smp_168170",2,0,4,8,5,0,0,6
"Smp_168200",2,2,0,4,0,6,0,0
"Smp_168350",3,0,0,0,2,3,0,3
"Smp_168430",4,6,8,4,0,8,0,3
"Smp_168660",4,2,4,0,0,0,0,6
"Smp_169290",0,2,0,10,2,4,2,4
"Smp_169430",6,2,0,2,0,0,1,2
"Smp_169470",0,2,0,0,2,5,0,2
"Smp_169480",6,0,3,0,0,0,1,6
"Smp_169610",0,2,0,2,4,4,0,0
"Smp_169670",4,0,0,0,0,2,2,5
"Smp_169950",0,2,0,8,2,4,0,0
"Smp_169960",2,0,6,0,2,0,0,2
"Smp_169980",1,0,2,7,0,2,0,0
"Smp_170150",4,2,0,4,0,4,0,4
"Smp_170160",2,0,2,6,4,0,0,4
"Smp_170200",1,0,0,0,2,4,0,4
"Smp_170340",0,0,2,0,2,4,0,2
"Smp_170540",4,0,0,4,3,4,0,8
"Smp_170550",8,0,4,10,4,4,2,4
"Smp_170800",6,0,2,0,0,4,1,0
"Smp_170930",4,0,6,2,0,4,0,1
"Smp_171010",13,5,8,10,0,2,0,12
"Smp_171070",6,0,1,4,6,0,0,4
"Smp_171080",2,0,2,2,0,2,0,2
"Smp_171150",2,1,6,2,2,1,2,0
"Smp_171180",7,2,2,0,0,5,0,6
"Smp_171490",9,0,0,3,3,6,0,0
"Smp_171540",4,0,0,2,0,2,0,4
"Smp_171720",8,1,2,6,0,3,0,1
"Smp_171740",2,0,2,0,0,2,0,4
"Smp_172060",133,30,56,94,38,56,9,101
"Smp_172110",6,0,4,2,6,4,0,4
"Smp_172140",2,0,4,2,0,4,0,6
"Smp_172340",1,0,4,1,1,4,0,3
"Smp_172700",5,0,2,14,2,10,0,9
"Smp_172730",0,2,0,0,4,5,0,2
"Smp_172790",9,2,6,4,4,6,2,10
"Smp_172850",6,4,8,8,8,9,0,2
"Smp_173160",7,0,0,15,8,5,0,6
"Smp_173180",6,0,4,4,4,4,0,4
"Smp_173190",2,2,0,7,4,0,0,6
"Smp_173200",2,0,2,6,1,3,0,16
"Smp_173230",14,6,8,8,0,17,4,7
"Smp_173280",2,2,2,4,0,4,0,0
"Smp_173320",8,2,2,6,2,2,0,2
"Smp_173350",7,0,7,15,7,11,0,20
"Smp_173420",2,4,3,2,4,0,0,0
"Smp_173620",4,0,2,2,6,0,0,2
"Smp_173640",16,3,14,19,3,12,4,12
"Smp_173650",0,1,6,6,1,5,0,0
"Smp_173840",14,2,2,4,4,11,2,5
"Smp_173900",4,0,0,0,2,4,2,4
"Smp_174370",0,3,3,3,0,1,0,3
"Smp_174380",4,0,1,4,0,11,1,5
"Smp_174390",1,0,0,1,3,4,0,2
"Smp_174410",2,2,0,3,2,2,0,0
"Smp_174420",0,0,2,2,6,2,2,4
"Smp_174450",2,2,2,6,6,8,0,8
"Smp_174580",4,2,0,0,4,2,0,6
"Smp_174850",14,2,6,3,2,23,0,11
"Smp_174950",6,0,2,2,6,6,0,8
"Smp_174960",5,0,2,7,5,6,0,6
"Smp_175200",2,0,0,0,6,1,0,4
"Smp_175210",4,0,0,2,2,0,0,2
"Smp_175230",2,2,0,4,0,2,0,0
"Smp_175310",2,6,4,6,2,0,0,4
"Smp_175430",4,1,0,0,0,4,0,1
"Smp_175580",9,4,6,19,0,2,0,12
"Smp_175640",6,2,0,2,4,7,0,6
"Smp_175660",2,2,0,2,2,4,0,0
"Smp_175810",6,6,5,3,1,5,0,9
"Smp_175840",2,0,0,4,2,0,2,9
"Smp_175900",6,0,4,4,2,0,2,7
"Smp_175910",4,0,0,2,2,4,0,2
"Smp_175930",8,2,3,2,4,8,2,2
"Smp_176080",3,0,2,4,0,10,0,0
"Smp_176230",2,0,2,4,2,2,0,4
"Smp_176340",3,0,0,5,4,0,0,3
"Smp_176370",5,2,2,1,0,2,0,6
"Smp_176700",6,2,6,2,0,11,0,2
"Smp_176760",0,2,2,4,4,4,0,4
"Smp_177020",5,0,6,7,6,5,0,10
"Smp_177080",5,0,0,1,2,2,2,2
"Smp_177290",5,1,1,1,2,6,0,0
"Smp_178490",2,0,0,2,4,2,0,0
"Smp_178750",5,5,5,4,1,5,0,5
"Smp_178850",6,2,0,2,4,0,0,2
"Smp_179070",3,0,0,6,0,2,0,2
"Smp_179180",15,6,8,20,12,18,0,17
"Smp_179270",2,0,2,6,2,0,0,2
"Smp_179290",0,4,2,2,0,1,0,1
"Smp_179300",30,12,15,16,32,70,4,40
"Smp_179320",4,2,0,2,6,1,0,2
"Smp_179350",8,0,0,4,2,0,2,4
"Smp_179610",3,0,0,0,10,4,0,12
"Smp_179650",22,6,8,20,20,18,2,20
"Smp_179720",0,0,2,4,2,2,0,2
"Smp_179810",4,6,2,6,4,4,0,14
"Smp_180000",22,8,7,28,9,23,2,13
"Smp_180040",2,1,0,10,2,0,0,3
"Smp_180160",7,0,2,2,2,0,0,4
"Smp_180350",19,0,6,16,6,4,2,4
"Smp_180400",0,0,4,4,6,5,0,4
"Smp_180430",6,1,4,4,2,4,1,0
"Smp_180740",0,0,4,2,0,2,0,2
"Smp_180910",6,2,4,2,2,2,2,3
"Smp_181000",0,0,2,2,2,0,0,4
"Smp_181090",6,0,2,0,2,4,0,2
"Smp_181440",0,1,1,2,2,4,0,1
"Smp_181460",6,2,0,0,2,6,0,10
"Smp_181470",0,2,6,0,3,2,0,4
"Smp_181730",5,1,1,2,0,1,0,0
"Smp_182620",3,0,0,7,2,2,2,4
"Smp_182890",7,0,0,5,2,2,0,0
"Smp_183710",25,2,12,35,15,37,5,40
"Smp_184350",4,1,1,2,1,2,0,0
"Smp_185680",14,5,7,9,5,27,0,16
"Smp_186560",4,1,0,2,0,0,0,4
"Smp_186670",8,0,2,2,2,6,0,4
"Smp_187190",8,2,2,18,0,8,0,9
"Smp_190020",6,0,2,4,0,0,0,2
"Smp_191400",15,12,15,19,15,9,3,23
"Smp_191870",4,0,0,0,6,4,0,6
"Smp_193440",2,0,4,4,0,2,0,0
"Smp_193800",39,8,11,14,7,15,2,14
"Smp_194050",4,0,2,6,0,0,0,2
"Smp_194130",6,2,6,14,2,12,2,4
"Smp_194160",6,0,9,6,6,6,2,8
"Smp_194170",2,0,1,1,2,3,0,2
"Smp_194240",4,2,0,0,4,2,0,2
"Smp_194420",4,0,0,2,0,4,0,4
"Smp_194620",4,0,0,4,2,0,0,1
"Smp_194770",4,0,2,2,2,2,0,2
"Smp_194920",2,0,2,0,4,7,2,6
"Smp_194940",4,2,0,0,0,7,0,4
"Smp_195080",4,0,2,6,4,2,0,4
"Smp_196020",1,3,2,0,3,3,0,2
"Smp_196090",7,3,0,4,5,0,0,2
"Smp_196510",6,0,4,3,2,2,0,2
"Smp_196620",4,2,4,3,0,0,0,0
"Smp_196700",6,1,3,4,1,2,0,5
"Smp_196910",2,0,0,3,0,2,0,3
"Smp_197180",0,0,2,8,2,6,0,6
"Smp_197390",4,4,4,14,2,6,0,4
"Smp_197690",5,2,2,20,5,0,2,2
"Smp_197730",5,0,0,4,2,0,0,3
"Smp_198330",2,1,2,2,4,0,0,2
"Smp_198360",2,2,4,0,0,8,0,4
"Smp_198380",6,2,2,3,6,6,0,5
"Smp_198420",2,0,0,1,0,6,2,2
"Smp_198520",3,1,0,2,2,2,0,2
"Smp_198680",4,0,2,6,0,0,0,1
"Smp_198850",2,0,0,0,2,6,0,8
"Smp_200180",0,0,6,5,1,9,0,1
"Smp_200240",2,0,6,8,0,12,0,10
"Smp_200380",12,2,5,8,6,4,2,0
"Smp_200410",7,1,4,2,6,1,0,2
"Smp_200620",6,1,0,0,0,2,0,4
"Smp_200820",493,169,207,393,107,293,24,179
"Smp_200840",781,265,338,633,172,454,44,277
"Smp_200850",287,91,130,236,82,190,18,104
"Smp_200900",2,0,0,2,2,3,0,4
"Smp_201220",6,0,1,3,3,6,0,2
"Smp_201810",7,2,5,2,6,10,1,2
"Smp_201820",4,0,0,0,0,2,2,4
"Smp_201970",4,1,0,1,2,3,0,6
"Smp_202400",7,0,1,1,0,7,1,2
"Smp_202580",28,12,18,38,14,102,6,42
"Smp_202680",2,0,2,0,4,4,0,6
"Smp_202700",2,0,1,4,0,2,0,2
"Smp_203090",1,0,2,0,0,12,0,2
"Smp_203280",10,4,2,2,0,16,0,6
"Smp_203480",0,0,4,0,5,1,0,2
"Smp_203630",6,0,4,2,2,4,0,8
"Smp_203635",39,6,18,38,28,22,6,91
"Smp_204160",2,0,2,0,2,0,0,4
"Smp_204380",2,0,0,2,4,2,0,2
"Smp_204730",6,0,0,0,2,2,0,2
"Smp_204740",1,0,2,2,4,2,2,8
"Smp_204770",4,2,2,2,0,5,0,0
"Smp_204940",26,11,7,26,10,15,1,16
"Smp_205560",1485,552,402,363,278,1157,44,222
"Smp_205570",2,0,2,0,0,4,0,4
"Smp_205660",347,169,129,158,69,422,20,72
"Smp_207020",4,2,0,6,0,6,2,8
"Smp_207030",2,0,0,1,1,7,0,0
"Smp_207070",2,0,0,0,2,4,0,2
"Smp_208020",2,0,2,2,0,2,2,2
"Smp_208080",3,0,0,5,0,4,0,2
"Smp_208090",13,7,3,8,2,2,0,5
"Smp_209050",0,0,0,4,4,2,0,2
"Smp_210070",6,2,3,4,2,2,0,9
"Smp_210080",7,3,1,0,0,2,0,1
"Smp_210160",5,0,2,2,4,2,0,0
"Smp_210310",12,4,10,12,2,8,0,6
"Smp_210430",6,6,0,4,2,6,0,4
"Smp_210470",6,0,0,2,4,6,0,4
"Smp_210480",6,0,2,0,2,2,2,2
"Smp_210500",10,0,8,6,4,8,0,6
"Smp_210520",0,0,2,2,2,0,0,4
"Smp_210570",0,4,2,0,2,2,0,4
"Smp_210630",2,2,2,0,0,4,0,2
"Smp_210780",0,0,0,6,4,4,0,2
"Smp_210790",2,0,2,2,0,10,0,2
"Smp_210810",2,0,6,2,2,2,0,4
"Smp_210830",8,0,0,2,0,4,0,2
"Smp_210940",4,0,0,0,2,2,0,6
"Smp_211030",0,0,4,4,4,0,0,2
"Smp_211100",0,2,2,2,2,4,0,0
"Smp_211250",26,2,18,24,12,54,0,24
"Smp_211260",6,2,0,3,0,8,1,1
"Smp_211320",2,0,0,6,2,4,0,4
"Smp_211330",1,2,0,2,4,2,0,2
"Smp_212080",2,2,2,2,2,2,0,0
"Smp_212310",2,0,4,4,2,0,0,2
"Smp_212360",2,0,0,5,0,2,0,3
"Smp_212380",9,2,2,4,4,4,0,3
"Smp_212540",49,11,16,40,14,63,4,38
"Smp_212830",2,0,2,0,0,4,0,4
"Smp_212880",2,0,2,4,2,2,0,0
"Smp_213080",2,0,2,0,0,6,0,2
"Smp_213100",24,9,7,18,13,12,1,23
"Smp_213130",5,0,12,4,4,20,0,18
"Smp_213240",4,2,0,5,4,2,0,2
"Smp_213260",11,0,5,4,2,2,0,0
"Smp_213300",8,1,8,14,14,10,0,8
"Smp_213390",6,3,0,0,2,6,0,0
"Smp_213440",3,2,0,0,2,3,0,0
"Smp_213570",6,0,0,2,0,0,2,4
"Smp_213590",2,0,2,0,2,8,0,2
"Smp_213600",0,2,0,2,0,4,0,4
"Smp_213690",4,2,0,0,2,2,0,2
"Smp_213700",6,2,0,2,2,4,0,0
"Smp_213790",2,2,4,2,0,3,2,0
"Smp_213800",14,10,14,11,8,14,0,13
"Smp_213900",1,0,2,3,0,4,0,4
"Smp_213910",2,0,0,2,2,2,0,2
"Smp_214000",3,0,2,0,0,2,0,4
"Smp_214020",4,0,1,0,1,4,0,0
"Smp_214030",8,0,0,12,6,10,0,10
"Smp_214060",3,0,2,10,4,8,0,8
"Smp_214070",0,0,0,2,2,6,0,2
"Smp_214080",2,0,4,4,2,2,0,5
"Smp_214090",2,0,4,4,2,0,0,0
"Smp_214100",2,0,0,0,2,10,1,5
"Smp_214190",2,0,2,2,0,4,0,2
"Smp_214240",7,0,1,1,1,0,0,0
"Smp_214350",4,0,4,0,4,4,0,0
"Smp_241400",4,0,10,8,6,4,0,2
"Smp_241950",3,2,2,4,0,6,0,4
"Smp_242360",0,0,2,2,0,2,0,4
"Smp_242670",8,4,4,5,7,18,0,5
"Smp_242740",4,0,2,4,2,4,0,4
"Smp_242800",0,0,2,2,2,2,0,4
"Smp_242930",6,0,0,7,4,6,0,1
"Smp_243180",2,0,0,0,2,6,0,4
"Smp_243200",6,1,4,8,2,6,2,2
"Smp_243670",3,0,0,3,0,0,2,5
"Smp_243680",2,0,0,4,0,6,0,4
"Smp_243870",10,8,6,12,12,13,0,31
"Smp_244010",8,2,11,8,1,4,2,8
"Smp_244130",2,0,2,4,2,0,0,2
"Smp_244250",4,6,8,4,0,3,2,3
"Smp_244460",0,0,0,2,2,8,0,12
"Smp_244490",8,0,0,6,3,2,0,0
"Smp_244560",6,0,9,2,2,2,0,0
"Smp_244710",0,0,2,2,2,2,0,3
"Smp_244920",12,4,4,10,0,9,1,8
"Smp_244950",0,0,2,0,2,2,2,2
"Smp_244960",6,2,0,16,2,4,0,14
"Smp_245030",15,2,2,4,2,4,2,8
"Smp_245240",5,2,4,3,3,11,0,2
"Smp_245320",1,2,0,4,4,4,2,0
"Smp_245370",18,4,2,13,5,12,2,19
"Smp_245470",20,6,6,8,4,6,0,20
"Smp_245490",2,0,2,2,2,4,0,4
"Smp_245530",2,2,2,0,0,4,0,2
"Smp_245720",2,2,0,4,1,0,0,2
"Smp_245780",2,4,4,2,4,4,2,2
"Smp_245815",4,2,0,2,1,0,2,0
"Smp_245820",0,1,4,2,0,2,0,2
"Smp_245840",10,12,6,8,6,8,8,15
"Smp_245890",4,1,1,2,0,4,0,0
"Smp_246020",0,2,2,6,4,10,0,10
"Smp_246360",6,2,2,10,2,4,0,6
"Smp_246440",2,0,2,0,2,2,0,6
"Smp_246600",2,0,1,2,1,2,0,7
"Smp_246680",0,0,4,0,4,2,0,6
"Smp_246840",2,0,4,4,2,6,0,2
"Smp_246990",2,0,0,2,4,2,0,0
"Smp_247020",19,1,12,20,13,23,1,21
"Smp_247150",2,0,2,2,2,4,2,2
"Smp_247170",14,4,6,12,7,14,0,8
"Smp_247240",0,0,0,2,6,6,0,4
"Smp_247280",2,0,0,4,2,4,2,0
"Smp_247310",4,0,0,2,4,4,0,0
"Smp_247410",2,0,0,2,0,2,2,2
"Smp_247420",0,0,6,6,0,4,0,4
"Smp_247470",4,1,2,2,2,2,0,12
"Smp_247530",4,0,2,2,0,2,0,0
"Smp_247630",2,0,0,2,4,2,0,0
"Smp_247640",6,2,2,12,4,6,0,8
"Smp_247650",13,4,4,3,4,9,2,10
"Smp_247870",2,0,0,2,2,2,0,2
"Smp_247940",2,0,0,4,2,0,0,2
"Smp_248030",0,0,8,2,6,8,0,2
"Smp_248080",7,0,0,3,5,0,0,3
"Smp_248100",2,0,2,10,0,0,0,4
"Smp_248140",8,2,0,4,10,4,2,2
"Smp_248170",0,0,0,4,6,4,0,8
"Smp_248190",2,0,2,2,0,0,0,4
"Smp_248200",0,2,0,2,2,4,0,0
"Smp_266790",2,0,0,7,2,6,0,6
"Smp_266800",15,0,8,8,5,26,1,15
"Smp_266850",0,0,2,2,2,4,0,2
"Smp_267060",4,3,0,1,1,2,0,0
"Smp_267090",9,0,0,4,2,4,0,4
"Smp_267100",8,0,8,4,2,4,1,0
"Smp_267280",5,4,3,5,4,10,1,8
"Smp_267310",0,0,2,6,2,0,2,1
"Smp_300220",2,0,6,0,0,6,0,4
"Smp_300500",2,2,4,2,0,0,0,0
"Smp_300570",4,0,2,8,0,2,0,0
"Smp_300580",4,0,0,6,4,2,0,0
"Smp_300810",18,1,6,11,11,6,2,5
"Smp_301040",2,1,2,2,2,0,0,2
"Smp_301050",4,0,2,10,0,0,2,0
"Smp_301160",2,0,2,2,2,4,0,10
"Smp_301340",4,0,0,3,5,4,0,4
"Smp_301610",47,28,29,45,42,80,18,128
"Smp_301620",14,0,8,11,6,20,0,11
"Smp_301740",6,0,6,0,4,0,0,6
"Smp_301790",2,1,0,2,6,2,0,2
"Smp_302170",28,7,13,33,21,47,2,55
"Smp_302180",27,6,12,33,21,47,2,57
"Smp_302270",59,8,42,70,41,114,2,74
"Smp_302280",35,14,34,65,31,72,0,72
"Smp_302290",55,8,37,90,30,74,2,63
"Smp_302320",8,2,8,11,4,17,0,12
"Smp_302350",11,2,11,13,5,22,0,16
"Smp_302410",2,4,0,4,3,0,0,0
"Smp_302460",1,0,2,2,4,4,0,2
"Smp_302740",5,0,2,0,0,2,0,3
"Smp_302810",2,0,2,4,5,0,2,0
"Smp_302860",6,4,12,13,13,20,2,12
"Smp_302920",8,2,6,0,1,1,1,4
"Smp_303070",2,1,1,2,1,2,0,1
"Smp_303310",6,2,4,6,0,0,0,0
"Smp_303390",26,4,8,29,17,36,1,46
"Smp_303400",30,6,12,34,19,46,2,61
"Smp_303410",26,6,12,35,23,48,2,54
"Smp_303420",23,3,8,28,18,35,1,44
"Smp_303550",27,6,12,33,24,44,2,57
"Smp_303690",11,2,10,13,5,24,0,16
"Smp_303760",2,1,1,4,1,2,0,1
"Smp_303910",2,2,0,2,0,2,0,2
"Smp_303980",2,2,0,5,0,0,0,2
"Smp_304130",29,6,10,22,8,10,0,23
"Smp_304140",3,2,3,3,2,13,0,4
"Smp_304450",0,2,4,2,0,3,0,0
"Smp_304710",8,8,4,8,2,8,4,2
"Smp_304800",5,2,2,6,0,0,0,0
"Smp_304840",0,0,0,1,4,2,0,4
"Smp_304960",2,0,0,6,0,4,2,2
"Smp_305120",1,1,3,6,0,0,0,2
"Smp_305730",8,2,0,11,2,9,0,4
"Smp_305800",10,0,2,10,5,6,0,4
"Smp_305875",4,0,2,2,0,4,1,4
"Smp_306290",5,0,2,2,7,9,0,7
"Smp_306300",3,2,2,2,3,9,2,6
"Smp_306600",23,2,10,32,13,32,5,39
"Smp_306630",3,0,2,1,3,2,0,4
"Smp_306640",2,0,2,1,2,2,0,4
"Smp_306910",2,2,0,4,0,0,0,5
"Smp_306990",13,4,5,9,4,8,2,15
"Smp_307000",6,2,0,17,2,6,6,2
"Smp_307020",12,4,16,35,2,19,0,6
"Smp_307090",4,2,6,2,4,7,0,12
"Smp_307220",29,10,17,33,7,24,0,17
"Smp_307270",7,2,2,6,4,8,0,6
"Smp_307600",2,2,0,6,0,8,0,0
"Smp_307650",3,2,5,5,3,4,0,2
"Smp_308145",0,0,1,3,2,4,0,0
"Smp_308360",0,0,2,0,2,4,0,8
"Smp_308370",70,16,36,46,34,81,11,110
"Smp_308600",1,1,7,0,4,0,0,4
"Smp_309240",2,0,0,3,2,2,0,2
"Smp_309430",4,0,2,2,0,0,0,3
"Smp_309680",1,0,0,1,3,5,0,4
"Smp_309710",5,1,6,2,6,26,0,10
"Smp_309720",3,1,3,2,8,18,0,12
"Smp_309860",4,0,3,2,1,0,0,0
"Smp_309970",4,0,2,2,4,2,0,2
"Smp_310080",2,0,2,2,0,2,0,6
"Smp_310180",20,6,8,14,12,35,1,17
"Smp_310210",2,0,2,9,0,6,2,0
"Smp_310260",6,4,6,0,0,4,0,2
"Smp_310580",16,3,8,8,0,12,3,11
"Smp_311010",4,0,3,5,4,8,0,4
"Smp_311050",2,2,0,0,2,0,0,8
"Smp_311350",10,0,11,9,6,24,1,13
"Smp_311360",4,0,1,2,0,2,0,2
"Smp_311520",4,2,1,2,0,4,0,0
"Smp_311650",3,0,2,2,0,4,2,2
"Smp_311780",1,0,0,2,2,1,0,5
"Smp_312360",0,0,2,0,4,6,0,2
"Smp_312630",2,6,6,7,0,13,0,7
"Smp_312660",6,0,4,0,1,4,0,14
"Smp_312760",4,2,1,0,4,4,0,4
"Smp_312920",4,0,0,2,0,4,0,11
"Smp_313530",22,11,8,13,8,15,0,15
"Smp_313540",36,12,15,38,16,24,8,45
"Smp_313640",4,0,0,2,4,0,2,2
"Smp_313730",2,0,0,2,0,4,1,5
"Smp_313740",0,0,5,4,0,3,0,1
"Smp_314030",5,2,1,7,9,9,0,12
"Smp_314170",2,2,2,0,0,8,0,0
"Smp_314310",0,0,4,2,0,2,0,2
"Smp_314630",2,2,0,4,0,0,0,2
"Smp_314660",20,8,0,24,4,4,0,18
"Smp_314730",19,4,9,7,4,14,1,7
"Smp_315010",4,0,0,2,2,0,0,4
"Smp_315570",23,18,9,11,11,12,3,27
"Smp_315580",0,0,2,4,0,1,0,4
"Smp_315690",3,0,1,0,5,4,0,1
"Smp_315740",4,0,2,2,0,4,0,2
"Smp_315750",4,4,2,0,0,5,0,4
"Smp_315780",4,2,2,2,0,0,0,3
"Smp_315810",0,3,6,2,2,6,0,7
"Smp_315820",8,0,2,0,0,8,2,1
"Smp_315900",6,0,2,8,8,10,0,6
"Smp_315910",5,0,1,2,2,8,0,11
"Smp_316270",2,0,0,2,1,3,0,3
"Smp_316320",222,82,92,150,90,117,24,141
"Smp_316430",2,1,0,0,1,5,0,1
"Smp_316570",50,11,9,16,5,10,3,13
"Smp_316660",2,0,6,4,4,2,0,6
"Smp_316680",16,10,5,16,5,14,0,17
"Smp_316690",30,12,12,39,6,27,7,19
"Smp_316700",0,0,4,2,0,4,0,2
"Smp_316710",30,9,6,21,10,22,2,21
"Smp_316760",2,2,2,1,0,2,0,1
"Smp_317370",2,0,2,6,0,10,0,0
"Smp_317420",10,1,8,2,4,2,0,10
"Smp_317470",3,0,2,8,2,3,0,3
"Smp_317530",4,6,71,84,18,88,6,52
"Smp_317540",1,0,0,6,1,0,0,3
"Smp_317720",5,4,6,10,3,25,0,3
"Smp_317730",0,2,0,4,1,8,0,2
"Smp_317780",9,1,3,4,1,12,0,8
"Smp_317790",16,2,11,10,14,14,0,15
"Smp_318260",4,2,6,2,0,0,0,1
"Smp_318890",5,2,5,4,2,17,0,2
"Smp_318900",6,2,5,4,2,16,0,0
"Smp_318920",6,2,5,5,2,16,0,0
"Smp_319050",4,2,0,2,4,2,0,10
"Smp_319100",4,9,5,11,2,5,2,12
"Smp_319220",6,2,4,6,2,2,0,6
"Smp_319230",3,1,0,3,4,6,0,2
"Smp_319470",12,7,4,10,1,2,2,1
"Smp_319610",8,0,1,4,3,3,1,3
"Smp_319760",3,4,2,3,0,3,1,1
"Smp_320210",0,0,1,1,1,8,0,7
"Smp_320240",2,0,2,8,2,2,0,2
"Smp_320760",2,1,1,5,1,2,0,5
"Smp_320810",0,0,0,1,1,5,0,4
"Smp_321620",2,0,2,4,3,2,0,2
"Smp_321750",3,0,2,5,5,0,0,2
"Smp_321860",1,2,11,4,4,2,0,4
"Smp_321920",3,2,0,4,2,0,0,0
"Smp_322000",4,2,4,2,0,8,0,9
"Smp_322220",6,2,2,6,8,22,0,5
"Smp_322230",7,4,10,5,6,29,5,24
"Smp_322330",2,2,0,0,4,3,0,0
"Smp_322410",2,2,6,4,2,11,0,6
"Smp_322440",7,2,6,10,2,0,2,4
"Smp_322560",8,4,14,6,6,24,0,2
"Smp_322570",4,2,0,8,2,6,0,4
"Smp_322650",5,2,6,2,1,11,4,5
"Smp_322720",1,2,2,10,2,0,0,7
"Smp_322900",9,0,0,1,2,0,1,6
"Smp_322950",4,0,0,4,2,2,0,0
"Smp_322970",11,2,0,6,0,2,0,8
"Smp_323210",16,10,5,12,5,40,0,12
"Smp_323420",16,1,6,16,1,1,0,5
"Smp_323440",17,6,3,11,1,5,0,3
"Smp_323540",0,3,1,0,3,1,0,6
"Smp_323560",4,2,0,2,2,8,0,0
"Smp_323640",2,0,0,2,4,26,0,4
"Smp_323650",64,20,19,28,5,49,3,23
"Smp_323680",42,19,52,92,6,118,0,19
"Smp_323710",40,16,58,88,5,112,0,26
"Smp_323810",80,32,82,137,38,259,13,86
"Smp_323830",12,2,6,12,6,8,0,15
"Smp_324120",10,2,0,0,0,1,0,6
"Smp_324190",94,44,68,137,44,220,10,104
"Smp_324230",11,3,5,13,0,9,1,2
"Smp_324280",20,5,5,7,2,7,0,9
"Smp_324360",28,15,20,38,14,77,1,39
"Smp_325610",8,5,4,9,4,6,0,5
"Smp_325670",5,0,0,4,3,2,1,2
"Smp_325760",4,0,0,6,2,6,4,4
"Smp_325920",10,8,10,10,20,42,0,22
"Smp_326040",2,0,2,2,0,14,0,4
"Smp_326180",26,10,16,19,10,22,4,23
"Smp_326250",4,0,2,2,0,0,0,2
"Smp_326410",3,0,2,4,0,3,0,0
"Smp_326440",10,8,6,4,4,6,0,1
"Smp_326570",10,2,2,10,0,9,1,9
"Smp_326580",0,2,1,0,5,0,0,4
"Smp_326620",6,0,2,2,4,6,0,2
"Smp_326750",2,0,2,0,2,7,0,0
"Smp_327300",92,40,196,223,89,528,30,241
"Smp_327480",12,2,6,8,4,8,0,12
"Smp_327550",7,0,4,6,0,4,0,2
"Smp_327600",2,1,2,1,2,1,0,2
"Smp_328230",8,0,0,6,2,6,2,4
"Smp_328580",61,7,9,21,0,10,0,17
"Smp_328750",5,3,0,9,4,10,2,3
"Smp_328770",1,1,0,1,1,5,0,2
"Smp_329010",4,1,3,4,0,2,0,1
"Smp_329200",11,6,2,10,3,8,0,7
"Smp_329210",4,0,2,8,2,2,0,2
"Smp_329430",6,2,6,8,0,8,0,6
"Smp_329590",5,1,13,14,5,31,1,8
"Smp_329600",5,2,5,6,5,13,0,5
"Smp_329680",8,4,8,9,5,18,2,14
"Smp_329690",0,0,0,2,6,7,0,2
"Smp_329780",19,10,16,40,12,27,0,36
"Smp_329940",6,1,6,2,6,2,0,2
"Smp_330190",3,0,0,3,5,11,0,4
"Smp_330250",3,0,0,1,5,3,0,7
"Smp_330330",7,0,1,12,10,15,0,14
"Smp_330450",11,2,2,4,2,13,0,8
"Smp_330470",4,2,0,7,0,0,0,2
"Smp_330600",13,0,13,14,5,46,2,22
"Smp_330640",2,0,6,2,4,11,2,3
"Smp_330670",0,0,2,6,0,4,0,4
"Smp_330790",0,0,2,2,4,5,0,1
"Smp_331130",2,0,2,0,2,9,0,2
"Smp_331170",5,4,4,6,2,2,0,4
"Smp_331400",61,28,54,60,41,98,6,97
"Smp_331790",8,0,0,2,2,4,0,1
"Smp_331870",0,2,2,4,2,2,0,4
"Smp_331910",5,0,10,12,14,42,0,16
"Smp_331920",14,0,4,12,4,12,0,16
"Smp_331940",2,1,2,2,2,3,0,0
"Smp_332100",4,0,6,2,0,12,0,0
"Smp_332150",2,0,2,0,2,4,0,2
"Smp_332260",8,0,8,4,0,10,0,10
"Smp_332340",0,0,1,6,4,5,0,11
"Smp_332360",2,2,2,4,2,0,0,4
"Smp_332400",6,2,0,4,0,6,0,12
"Smp_332480",33,14,22,49,11,31,2,44
"Smp_332620",12,0,2,6,2,2,0,10
"Smp_332670",0,0,4,4,0,7,0,2
"Smp_332680",7,0,2,4,2,2,0,3
"Smp_332790",0,4,0,0,2,3,0,4
"Smp_332800",6,3,0,4,1,3,0,2
"Smp_332920",2,2,0,4,0,2,0,4
"Smp_332930",6,0,5,10,8,2,0,10
"Smp_332940",2,0,0,10,0,6,0,2
"Smp_332950",20,7,33,34,12,39,4,29
"Smp_333010",21,4,9,13,3,14,0,9
"Smp_333030",2,2,1,0,4,0,0,2
"Smp_333040",43,22,23,22,11,26,5,20
"Smp_333100",0,2,0,2,3,2,0,2
"Smp_333140",4,0,0,3,4,8,0,8
"Smp_333310",2,4,4,2,3,2,0,4
"Smp_333350",3,0,2,0,8,2,0,0
"Smp_333390",4,1,0,2,0,3,0,2
"Smp_333400",4,2,0,0,4,0,2,3
"Smp_333420",7,4,4,6,0,9,0,14
"Smp_333470",87,39,39,122,43,120,17,70
"Smp_333620",2,0,0,0,6,4,0,2
"Smp_333660",6,2,2,12,2,10,0,16
"Smp_333770",2,0,1,8,0,0,0,4
"Smp_333800",4,0,2,6,0,0,0,6
"Smp_333810",4,0,4,3,0,2,0,0
"Smp_333910",4,2,6,8,4,6,0,2
"Smp_333940",2,0,0,2,0,6,0,2
"Smp_333950",0,2,4,2,0,4,0,0
"Smp_334000",2,2,0,6,0,3,0,10
"Smp_334030",2,0,2,2,2,4,0,0
"Smp_334080",18,8,24,20,16,34,0,10
"Smp_334100",0,0,2,0,2,4,0,4
"Smp_334260",5,0,2,2,0,2,0,0
"Smp_334300",8,0,0,8,6,2,2,3
"Smp_334530",2,1,4,2,2,2,0,0
"Smp_334750",15,3,2,10,2,6,0,3
"Smp_334940",6,6,2,8,0,8,8,2
"Smp_335010",0,0,2,4,2,4,0,5
"Smp_335040",74,32,43,88,32,59,9,77
"Smp_335050",2,4,1,7,6,4,4,11
"Smp_335300",0,0,6,2,0,2,0,4
"Smp_335350",0,0,2,4,0,2,0,2
"Smp_335380",8,2,1,5,0,5,0,5
"Smp_335460",31,10,13,41,1,25,0,8
"Smp_335470",30,10,13,39,1,29,0,9
"Smp_335480",26,12,13,47,0,30,0,8
"Smp_335490",17,3,4,19,0,12,0,5
"Smp_335510",33,10,13,41,1,28,0,8
"Smp_335620",26,4,12,15,16,16,0,20
"Smp_335675",3,3,3,8,0,3,2,5
"Smp_335800",24,4,12,25,7,10,2,23
"Smp_335930",2,0,0,1,8,5,0,5
"Smp_335990",4,0,2,14,6,12,0,9
"Smp_336130",2,0,2,4,2,2,0,2
"Smp_336250",2,4,4,16,8,17,2,8
"Smp_336340",0,0,2,4,2,4,0,8
"Smp_336360",8,0,2,2,0,6,2,0
"Smp_336365",0,3,2,2,1,2,0,1
"Smp_336400",9,0,6,15,4,9,0,36
"Smp_336660",55,27,24,40,9,30,4,28
"Smp_336700",1,0,0,4,0,2,1,6
"Smp_336710",4,2,2,4,4,0,0,4
"Smp_336770",6,0,8,14,6,6,0,14
"Smp_336880",0,0,1,0,3,2,0,4
"Smp_337020",1,1,4,4,2,6,0,1
"Smp_337030",1,1,4,4,2,6,0,1
"Smp_337080",2,0,2,3,2,4,2,0
"Smp_337100",27,12,15,30,17,25,2,25
"Smp_337130",0,1,6,2,7,10,0,11
"Smp_337140",4,0,2,8,0,2,0,6
"Smp_337240",2,1,2,2,1,2,0,0
"Smp_337250",8,0,2,6,4,8,2,12
"Smp_337280",0,0,4,0,4,4,0,2
"Smp_337330",14,1,4,8,9,31,0,8
"Smp_337380",2,0,7,3,0,2,0,0
"Smp_337420",4,0,0,4,2,3,0,6
"Smp_337620",2,0,0,2,0,2,0,12
"Smp_337760",2,0,2,0,2,7,0,4
"Smp_337770",4,0,2,4,0,16,0,2
"Smp_337820",6,0,3,8,10,20,4,21
"Smp_340030",2,0,2,2,2,2,0,4
"Smp_340050",4,2,0,3,0,0,0,2
"Smp_340060",2,0,2,1,2,0,0,7
"Smp_340100",0,2,4,4,1,0,0,4
"Smp_340110",41,21,19,43,14,21,6,36
"Smp_340130",0,2,0,0,2,4,0,2
"Smp_340140",3,2,0,0,6,8,0,6
"Smp_340300",0,2,0,4,4,6,4,2
"Smp_340310",4,0,2,2,0,4,0,10
"Smp_340320",9,2,1,3,0,1,0,0
"Smp_340360",5,5,5,5,5,12,0,7
"Smp_340370",4,0,4,10,2,7,0,2
"Smp_340380",2,4,0,2,2,2,0,1
"Smp_340410",8,2,0,1,2,3,0,4
"Smp_340420",14,2,2,14,8,12,2,12
"Smp_340440",54,12,20,47,6,55,0,26
"Smp_340450",4,1,2,0,4,0,0,0
"Smp_340470",4,4,0,6,0,0,0,4
"Smp_340510",14,0,4,4,3,4,0,9
"Smp_340590",2,0,4,10,2,8,0,6
"Smp_340630",6,5,0,7,0,2,0,10
"Smp_340650",4,2,2,1,0,10,0,8
"Smp_340670",12,2,12,20,4,20,6,24
"Smp_340700",37,10,26,60,42,116,6,71
"Smp_340760",2,0,0,6,0,4,0,2
"Smp_340800",10,2,6,7,2,3,0,2
"Smp_340890",2,2,0,0,0,2,0,4
"Smp_340900",14,4,2,12,16,22,0,30
"Smp_340960",12,3,4,18,5,5,0,11
"Smp_340980",0,0,4,2,2,0,0,4
"Smp_341020",2,6,2,4,2,4,0,8
"Smp_341080",4,0,2,6,26,22,2,10
"Smp_341180",6,0,3,4,0,7,1,9
"Smp_341200",2,0,0,2,2,2,0,6
"Smp_341240",8,2,2,4,6,8,0,2
"Smp_341300",0,0,0,2,4,4,0,2
"Smp_341330",0,0,4,10,2,2,0,2
"Smp_341410",0,3,2,6,0,2,0,0
"Smp_341430",0,0,2,3,2,2,0,2
"Smp_341450",5,2,0,0,2,6,0,7
"Smp_341490",39,6,5,15,0,25,4,13
"Smp_341530",12,0,0,6,6,10,0,12
"Smp_341590",11,2,4,4,6,16,0,2
"Smp_341630",16,2,0,15,2,6,0,2
"Smp_341680",5,0,1,3,0,2,2,2
"Smp_341700",1,0,0,2,6,2,0,0
"Smp_341770",4,0,2,2,2,0,0,0
"Smp_341790",0,2,2,4,2,16,0,6
"Smp_341800",5,0,3,3,2,2,0,6
"Smp_341830",2,0,4,14,4,8,0,4
"Smp_341840",4,0,0,5,0,2,2,4
"Smp_341860",8,1,4,7,1,8,4,4
"Smp_341890",8,2,0,4,2,0,0,2
"Smp_341930",4,0,2,2,2,0,0,4
"Smp_341950",4,0,4,0,2,0,0,2
"Smp_341980",2,0,0,6,4,0,0,4
"Smp_342060",2,0,0,3,4,0,2,2
"Smp_342090",2,0,2,1,0,5,0,2
"Smp_342130",1,0,2,4,3,0,0,0
"Smp_342160",10,2,4,8,8,12,0,6
"Smp_342170",5,0,4,6,7,3,0,3
"Smp_342190",7,1,4,1,1,3,1,3
"Smp_342330",6,0,0,4,2,8,0,4
"Smp_342570",5,0,2,3,0,2,0,2
"Smp_342630",2,0,1,1,0,6,0,6
"Smp_342710",5,1,2,3,0,2,0,1
"Smp_342800",26,6,15,29,12,14,1,18
"Smp_342840",43,10,12,35,10,17,4,23
"Smp_342860",55,21,26,29,15,26,5,35
"Smp_342870",4,0,0,2,6,4,0,0
"Smp_342910",3,0,0,2,2,3,2,0
"Smp_343120",4,1,6,4,6,8,0,2
"Smp_343150",2,0,2,2,4,2,0,10
"Smp_343220",17,6,3,15,5,23,1,5
"Smp_343250",2,0,0,4,2,2,0,3
"Smp_343320",4,0,0,2,2,3,0,0
"Smp_343350",7,2,5,2,6,8,0,8
"Smp_343430",0,2,2,10,2,0,2,4
"Smp_343480",5,0,3,6,2,8,3,10
"Smp_343490",0,0,4,4,2,2,0,2
"Smp_343560",50,5,18,56,9,46,7,21
"Smp_343570",5,0,2,0,6,0,0,2
"Smp_343610",6,2,3,2,0,0,2,4
"Smp_343640",2,2,4,4,2,0,0,2
"Smp_343760",19,10,11,9,8,16,0,11
"Smp_343770",4,2,2,4,2,6,0,8
"Smp_343790",4,0,2,4,2,0,1,6
"Smp_343840",4,1,5,3,3,4,1,4
"Smp_343900",2,0,0,5,4,6,0,12
"Smp_343910",18,0,2,7,2,2,2,7
"Smp_343980",0,0,0,4,2,4,0,2
"Smp_344240",2,0,0,7,0,1,2,2
"Smp_344350",0,2,0,2,0,1,2,4
"Smp_344390",9,0,0,3,0,2,0,9
"Smp_344430",6,2,2,5,0,2,0,7
"Smp_344440",2,5,6,10,4,18,4,17
"Smp_344610",7,0,3,9,2,3,0,6
"Smp_344620",6,0,5,8,2,2,0,5
"Smp_344690",2,0,0,1,0,16,0,16
"Smp_344710",2,0,2,2,2,0,0,2
"Smp_344770",6,2,6,0,2,4,0,0
"Smp_344800",6,0,0,2,2,0,0,2
"Smp_344910",21,3,9,20,1,4,6,15
"Smp_344930",18,6,1,8,3,6,2,9
"Smp_344970",2,0,2,0,2,4,0,2
"Smp_344980",4,2,0,2,2,8,0,0
"Smp_345290",5,0,0,3,2,7,0,0
"Smp_345320",5,2,2,4,0,0,0,0
"Smp_345330",14,0,4,2,2,0,0,1
"Smp_345340",6,0,9,11,0,5,0,3
"Smp_345350",3,1,1,21,2,6,1,6
"Smp_345410",1,1,1,5,0,3,0,8
"Smp_345510",2,0,2,0,4,0,0,2
"Smp_345550",2,0,2,2,2,2,0,0
"Smp_345560",2,4,0,4,0,2,0,4
"Smp_345570",28,12,25,23,12,18,1,12
"Smp_345580",10,2,0,6,0,1,0,3
"Smp_345630",4,0,2,6,2,2,0,12
"Smp_345870",8,0,0,2,0,2,0,2
"Smp_345880",18,9,12,26,5,20,2,24
"Smp_346020",8,2,4,10,0,4,0,0
"Smp_346040",24,2,6,10,8,12,2,10
"Smp_346070",2,0,0,2,2,0,5,4
"Smp_346250",8,0,0,0,2,2,0,2
"Smp_346280",2,4,2,6,2,0,0,0
"Smp_346320",44,19,19,40,9,50,8,52
"Smp_346350",6,2,0,8,4,2,0,4
"Smp_346460",5,0,0,3,4,4,0,3
"Smp_346610",2,0,6,0,0,0,2,2
"Smp_346640",4,0,0,2,4,3,0,2
"Smp_346660",0,4,2,8,6,2,0,8
"Smp_346670",6,2,2,2,0,2,0,2
"Smp_346690",49,14,20,38,21,48,4,36
"Smp_346760",2,1,0,4,0,3,0,6
"Smp_346810",3,1,1,3,4,13,2,4
"Smp_346850",2,2,2,14,0,5,0,10
"Smp_346970",5,0,0,5,2,6,0,8
"Smp_346980",0,0,0,4,2,3,0,6
"Smp_347040",6,2,1,0,1,0,0,0
"Smp_347050",4,0,2,0,2,4,0,8
"Smp_347060",30,14,28,46,20,80,4,32
"Smp_347110",20,2,15,23,16,36,0,32
"Smp_347120",2,0,4,4,0,4,2,2
"Smp_347140",5,1,2,5,2,3,0,9
"Smp_347160",2,0,4,6,2,6,0,6
"Smp_347190",4,0,0,0,0,4,2,2
"Smp_347260",5,0,0,0,2,3,0,2
"Smp_347300",2,0,0,6,4,4,0,0
"Smp_347340",4,0,3,2,4,0,0,0
"Smp_347570",0,3,2,4,1,3,2,1
"Smp_347580",7,1,3,8,2,2,1,5
"Smp_347610",17,9,15,44,18,40,5,33
"Smp_347640",4,0,2,4,2,0,0,6
"Smp_347680",1,0,1,0,2,7,0,2
"Smp_347700",6,0,7,0,0,8,0,8
"Smp_347800",2,0,1,2,4,5,0,5
"Smp_347820",2,1,0,0,2,5,0,1
"Smp_347830",8,0,4,10,4,8,2,10
"Smp_347870",17,0,9,17,12,23,1,11
"Smp_347990",2,2,0,4,0,0,0,3
"Smp_348090",10,1,7,8,3,3,0,0
"Smp_348230",13,6,4,24,10,54,6,18
"Smp_348610",167,41,46,50,33,177,3,23
"Smp_348810",4,0,0,2,2,0,0,2
"Smp_348940",2,0,0,5,2,2,0,6
"Smp_348950",0,0,0,2,2,6,0,5
"Smp_349020",1,1,0,0,2,6,0,2
"Smp_349050",4,4,0,0,1,1,0,2
"Smp_349080",5,0,10,12,2,2,0,6
"Smp_349100",4,0,1,3,0,2,2,0
"Smp_349360",1,0,4,3,2,0,0,2
"Smp_349460",1,2,2,2,1,2,0,1
"Smp_349520",4,0,1,2,1,2,0,8
"Smp_349530",4,0,1,2,3,4,0,9
"Smp_349560",8,0,10,15,7,51,8,31
"Smp_349570",1,0,0,4,2,0,0,4
"Smp_349580",2,0,0,2,0,5,0,6
"Smp_349630",0,0,2,4,1,16,0,1
"Smp_349650",4,0,2,4,4,0,0,4
"Smp_349660",0,0,0,1,3,4,1,2
"Smp_349680",4,2,1,4,0,0,0,4
"Smp_349700",4,0,4,4,2,1,0,4
"Smp_349860",2,2,0,10,4,4,0,10
"Smp_349870",6,3,8,9,4,6,0,8
"Smp_349880",0,0,3,6,0,4,0,4
"Smp_350010",4,4,4,12,4,20,1,12
"Smp_350020",18,8,10,20,0,22,1,7
"Smp_350050",25,9,9,31,9,19,2,17
"Smp_350100",5,0,2,4,1,8,0,17
"Smp_350120",0,0,1,5,0,7,0,6
"Smp_350150",4,0,2,4,0,2,0,2
"Smp_350180",9,3,35,26,17,80,1,46
"Smp_350190",1353,628,1584,2788,600,4019,150,2097
"Smp_350240",0,2,2,12,8,12,0,18
"Smp_350270",6,3,3,1,3,2,0,2
"Smp_350300",5,2,2,4,0,4,0,0
"Smp_350500",338,120,136,281,31,275,15,145
"Smp_900000",220,48,61,110,14,114,2,87
"Smp_900010",120,22,24,56,4,74,2,34
"Smp_900020",131,12,40,64,8,84,0,44
"Smp_900030",22,1,0,1,1,9,1,7
"Smp_900040",73,4,14,27,4,32,0,20
"Smp_900050",279,68,90,236,12,211,14,120
"Smp_900060",16,6,2,6,2,30,0,4
"Smp_900070",58,8,6,24,3,24,0,18
"Smp_900080",28,4,0,3,0,15,0,7
"Smp_900090",184,56,41,139,14,122,6,80
"Smp_900100",14,4,0,9,2,4,0,2
"Smp_900110",90,6,32,40,8,56,0,34
